{"file":"login.png","frames":{"ChooseInt":{"x":2002,"y":65,"w":27,"h":26,"offX":0,"offY":0,"sourceW":27,"sourceH":26},"ChooseExt":{"x":2002,"y":37,"w":27,"h":26,"offX":0,"offY":0,"sourceW":27,"sourceH":26},"p_piaodai_3":{"x":2025,"y":1,"w":14,"h":12,"offX":29,"offY":29,"sourceW":70,"sourceH":70},"pop_ups":{"x":1,"y":1,"w":849,"h":532,"offX":0,"offY":0,"sourceW":852,"sourceH":532},"register_btn":{"x":1230,"y":692,"w":280,"h":101,"offX":0,"offY":0,"sourceW":280,"sourceH":101},"register_btn_0":{"x":948,"y":692,"w":280,"h":101,"offX":0,"offY":0,"sourceW":280,"sourceH":101},"register_btn_1":{"x":1512,"y":591,"w":280,"h":101,"offX":0,"offY":0,"sourceW":280,"sourceH":101},"title_login":{"x":650,"y":535,"w":157,"h":40,"offX":8,"offY":2,"sourceW":173,"sourceH":42},"verify_btn":{"x":1794,"y":670,"w":195,"h":77,"offX":15,"offY":0,"sourceW":218,"sourceH":79},"verify_btn_0":{"x":1794,"y":591,"w":195,"h":77,"offX":15,"offY":0,"sourceW":218,"sourceH":79},"verify_btn_1":{"x":1794,"y":749,"w":195,"h":77,"offX":15,"offY":0,"sourceW":218,"sourceH":79},"visitor_btn":{"x":1623,"y":473,"w":296,"h":116,"offX":1,"offY":0,"sourceW":297,"sourceH":116},"visitor_btn_0":{"x":1623,"y":355,"w":296,"h":116,"offX":1,"offY":0,"sourceW":297,"sourceH":116},"visitor_btn_1":{"x":650,"y":589,"w":296,"h":116,"offX":1,"offY":0,"sourceW":297,"sourceH":116},"login_btn_1":{"x":1,"y":722,"w":265,"h":104,"offX":31,"offY":1,"sourceW":330,"sourceH":115},"p_piaodai_1":{"x":1922,"y":1,"w":78,"h":129,"offX":25,"offY":0,"sourceW":129,"sourceH":129},"p_piaodai_2":{"x":2002,"y":1,"w":21,"h":34,"offX":24,"offY":18,"sourceW":70,"sourceH":70},"login_btn":{"x":650,"y":707,"w":265,"h":104,"offX":31,"offY":1,"sourceW":330,"sourceH":115},"login_btn_0":{"x":268,"y":722,"w":265,"h":104,"offX":31,"offY":1,"sourceW":330,"sourceH":115},"account_btn":{"x":1623,"y":119,"w":297,"h":116,"offX":0,"offY":0,"sourceW":297,"sourceH":116},"account_btn_0":{"x":1623,"y":1,"w":297,"h":116,"offX":0,"offY":0,"sourceW":297,"sourceH":116},"account_btn_1":{"x":1623,"y":237,"w":297,"h":116,"offX":0,"offY":0,"sourceW":297,"sourceH":116},"character1":{"x":852,"y":1,"w":769,"h":586,"offX":0,"offY":0,"sourceW":769,"sourceH":586},"continue_btn":{"x":948,"y":589,"w":280,"h":101,"offX":0,"offY":0,"sourceW":280,"sourceH":101},"continue_btn_0":{"x":1512,"y":694,"w":280,"h":101,"offX":0,"offY":0,"sourceW":280,"sourceH":101},"continue_btn_1":{"x":1230,"y":589,"w":280,"h":101,"offX":0,"offY":0,"sourceW":280,"sourceH":101},"Input_bg":{"x":1,"y":535,"w":647,"h":185,"offX":0,"offY":1,"sourceW":647,"sourceH":186}}}