{"frameRate":24,"isGlobal":0,"armature":[{"aabb":{"width":352,"y":-378,"height":756,"x":-176},"type":"Sheet","frameRate":24,"skin":[{"name":"","slot":[{"display":[{"path":"liuguang1","type":"image","name":"liuguang1","transform":{}},{"path":"liuguang2","type":"image","name":"liuguang2","transform":{}},{"path":"liuguang3","type":"image","name":"liuguang3","transform":{}},{"path":"liuguang4","type":"image","name":"liuguang4","transform":{}},{"path":"liuguang5","type":"image","name":"liuguang5","transform":{}},{"path":"liuguang6","type":"image","name":"liuguang6","transform":{}},{"path":"liuguang7","type":"image","name":"liuguang7","transform":{}},{"path":"liuguang8","type":"image","name":"liuguang8","transform":{}},{"path":"liuguang9","type":"image","name":"liuguang9","transform":{}},{"path":"liuguang10","type":"image","name":"liuguang10","transform":{}},{"path":"liuguang11","type":"image","name":"liuguang11","transform":{}},{"path":"liuguang12","type":"image","name":"liuguang12","transform":{}},{"path":"liuguang13","type":"image","name":"liuguang13","transform":{}},{"path":"liuguang14","type":"image","name":"liuguang14","transform":{}},{"path":"liuguang15","type":"image","name":"liuguang15","transform":{}}],"name":"sheetSlot"}]}],"bone":[{"name":"root","transform":{}}],"defaultActions":[{"gotoAndPlay":"wzqp"}],"animation":[{"ffd":[],"frame":[],"bone":[],"duration":15,"playTimes":0,"name":"wzqp","slot":[{"frame":[{"tweenEasing":null,"duration":1},{"displayIndex":1,"tweenEasing":null,"duration":1},{"displayIndex":2,"tweenEasing":null,"duration":1},{"displayIndex":3,"tweenEasing":null,"duration":1},{"displayIndex":4,"tweenEasing":null,"duration":1},{"displayIndex":5,"tweenEasing":null,"duration":1},{"displayIndex":6,"tweenEasing":null,"duration":1},{"displayIndex":7,"tweenEasing":null,"duration":1},{"displayIndex":8,"tweenEasing":null,"duration":1},{"displayIndex":9,"tweenEasing":null,"duration":1},{"displayIndex":10,"tweenEasing":null,"duration":1},{"displayIndex":11,"tweenEasing":null,"duration":1},{"displayIndex":12,"tweenEasing":null,"duration":1},{"displayIndex":13,"tweenEasing":null,"duration":1},{"displayIndex":14,"tweenEasing":null,"duration":1}],"name":"sheetSlot"}]}],"name":"wzqp","slot":[{"displayIndex":14,"name":"sheetSlot","parent":"root","color":{}}],"ik":[]}],"name":"wzqp","version":"5.0"}