{"file":"room_zjh.png","frames":{"zjh_effcet_pic_person":{"x":1,"y":1,"w":417,"h":672,"offX":0,"offY":0,"sourceW":417,"sourceH":672},"zjh_pic1":{"x":420,"y":283,"w":445,"h":138,"offX":11,"offY":13,"sourceW":465,"sourceH":158},"zjh_pic2":{"x":420,"y":1,"w":445,"h":139,"offX":11,"offY":12,"sourceW":465,"sourceH":158},"zjh_pic3":{"x":420,"y":423,"w":445,"h":138,"offX":11,"offY":12,"sourceW":465,"sourceH":158},"zjh_pic4":{"x":420,"y":142,"w":445,"h":139,"offX":11,"offY":12,"sourceW":465,"sourceH":158}}}