{"SubTexture":[{"frameHeight":828,"y":236,"frameWidth":1472,"frameX":-961,"width":150,"frameY":-364,"height":45,"name":"erbaagang_5","x":1},{"frameHeight":828,"y":283,"frameWidth":1472,"frameX":-961,"width":150,"frameY":-364,"height":45,"name":"erbaagang_1","x":1},{"frameHeight":828,"y":95,"frameWidth":1472,"frameX":-961,"width":150,"frameY":-364,"height":45,"name":"erbaagang_9","x":1},{"frameHeight":828,"y":142,"frameWidth":1472,"frameX":-961,"width":150,"frameY":-364,"height":45,"name":"erbaagang_4","x":1},{"frameHeight":828,"y":377,"frameWidth":1472,"frameX":-961,"width":150,"frameY":-364,"height":45,"name":"erbaagang_2","x":1},{"frameHeight":828,"y":330,"frameWidth":1472,"frameX":-961,"width":150,"frameY":-364,"height":45,"name":"erbaagang_7","x":1},{"frameHeight":828,"y":424,"frameWidth":1472,"frameX":-961,"width":150,"frameY":-364,"height":45,"name":"erbaagang_6","x":1},{"frameHeight":828,"y":189,"frameWidth":1472,"frameX":-961,"width":150,"frameY":-364,"height":45,"name":"erbaagang_0","x":1},{"frameHeight":828,"y":1,"frameWidth":1472,"frameX":-961,"width":150,"frameY":-364,"height":45,"name":"erbaagang_3","x":1},{"frameHeight":828,"y":48,"frameWidth":1472,"frameX":-961,"width":150,"frameY":-364,"height":45,"name":"erbaagang_8","x":1}],"width":256,"imagePath":"bg_ewrbagang_tex.png","height":512,"name":"bg_ewrbagang"}