{"mc":{"brnn_hall_effect_hg":{"frameRate":24,"labels":[{"name":"brnn_hall_effect_hg","frame":1,"end":22}],"events":[],"frames":[{"res":"brnn_hall_effect_hg_0","x":18,"y":7},{"res":"brnn_hall_effect_hg_1","x":18,"y":7},{"res":"brnn_hall_effect_hg_2","x":18,"y":7},{"res":"brnn_hall_effect_hg_3","x":18,"y":7},{"res":"brnn_hall_effect_hg_4","x":18,"y":7},{"res":"brnn_hall_effect_hg_5","x":18,"y":7},{"res":"brnn_hall_effect_hg_6","x":18,"y":7},{"res":"brnn_hall_effect_hg_7","x":18,"y":7},{"res":"brnn_hall_effect_hg_8","x":17,"y":7},{"res":"brnn_hall_effect_hg_10","x":17,"y":7},{"res":"brnn_hall_effect_hg_11","x":17,"y":7},{"res":"brnn_hall_effect_hg_12","x":17,"y":7},{"res":"brnn_hall_effect_hg_13","x":17,"y":7},{"res":"brnn_hall_effect_hg_14","x":17,"y":7},{"res":"brnn_hall_effect_hg_15","x":17,"y":7},{"res":"brnn_hall_effect_hg_16","x":17,"y":7},{"res":"brnn_hall_effect_hg_17","x":17,"y":7},{"res":"brnn_hall_effect_hg_18","x":18,"y":7},{"res":"brnn_hall_effect_hg_19","x":18,"y":7},{"res":"brnn_hall_effect_hg_20","x":18,"y":7},{"res":"brnn_hall_effect_hg_21","x":18,"y":7},{"res":"brnn_hall_effect_hg_22","x":18,"y":7}]}},"res":{"brnn_hall_effect_hg_15":{"x":1,"y":1846,"w":386,"h":613},"brnn_hall_effect_hg_21":{"x":785,"y":1,"w":390,"h":613},"brnn_hall_effect_hg_22":{"x":1,"y":1,"w":390,"h":613},"brnn_hall_effect_hg_4":{"x":1562,"y":616,"w":388,"h":613},"brnn_hall_effect_hg_6":{"x":1168,"y":1231,"w":386,"h":613},"brnn_hall_effect_hg_12":{"x":388,"y":2461,"w":384,"h":613},"brnn_hall_effect_hg_10":{"x":1163,"y":1846,"w":385,"h":613},"brnn_hall_effect_hg_11":{"x":776,"y":1846,"w":385,"h":613},"brnn_hall_effect_hg_16":{"x":1,"y":1231,"w":387,"h":613},"brnn_hall_effect_hg_8":{"x":1556,"y":1231,"w":386,"h":613},"brnn_hall_effect_hg_0":{"x":393,"y":1,"w":390,"h":613},"brnn_hall_effect_hg_14":{"x":1550,"y":1846,"w":385,"h":613},"brnn_hall_effect_hg_5":{"x":779,"y":1231,"w":387,"h":613},"brnn_hall_effect_hg_1":{"x":1177,"y":1,"w":390,"h":613},"brnn_hall_effect_hg_2":{"x":1,"y":616,"w":389,"h":613},"brnn_hall_effect_hg_19":{"x":782,"y":616,"w":388,"h":613},"brnn_hall_effect_hg_3":{"x":392,"y":616,"w":388,"h":613},"brnn_hall_effect_hg_20":{"x":1569,"y":1,"w":389,"h":613},"brnn_hall_effect_hg_18":{"x":390,"y":1231,"w":387,"h":613},"brnn_hall_effect_hg_7":{"x":1,"y":2461,"w":385,"h":613},"brnn_hall_effect_hg_17":{"x":1172,"y":616,"w":388,"h":613},"brnn_hall_effect_hg_13":{"x":389,"y":1846,"w":385,"h":613}}}