{"armature":[{"ik":[],"slot":[{"displayIndex":11,"name":"sheetSlot","parent":"root","color":{}}],"type":"Sheet","name":"Sprite","bone":[{"transform":{},"name":"root"}],"aabb":{"width":1472,"y":-414,"height":828,"x":-736},"skin":[{"name":"","slot":[{"display":[{"path":"xiaoliuguang_1","type":"image","name":"xiaoliuguang_1","transform":{}},{"path":"xiaoliuguang_2","type":"image","name":"xiaoliuguang_2","transform":{}},{"path":"xiaoliuguang_3","type":"image","name":"xiaoliuguang_3","transform":{}},{"path":"xiaoliuguang_4","type":"image","name":"xiaoliuguang_4","transform":{}},{"path":"xiaoliuguang_5","type":"image","name":"xiaoliuguang_5","transform":{}},{"path":"xiaoliuguang_6","type":"image","name":"xiaoliuguang_6","transform":{}},{"path":"xiaoliuguang_7","type":"image","name":"xiaoliuguang_7","transform":{}},{"path":"xiaoliuguang_8","type":"image","name":"xiaoliuguang_8","transform":{}},{"path":"xiaoliuguang_9","type":"image","name":"xiaoliuguang_9","transform":{}},{"path":"xiaoliuguang_10","type":"image","name":"xiaoliuguang_10","transform":{}},{"path":"xiaoliuguang_11","type":"image","name":"xiaoliuguang_11","transform":{}},{"path":"xiaoliuguang_12","type":"image","name":"xiaoliuguang_12","transform":{}},{"path":"xiaoliuguang_13","type":"image","name":"xiaoliuguang_13","transform":{}},{"path":"xiaoliuguang_14","type":"image","name":"xiaoliuguang_14","transform":{}},{"path":"xiaoliuguang_15","type":"image","name":"xiaoliuguang_15","transform":{}},{"path":"xiaoliuguang_16","type":"image","name":"xiaoliuguang_16","transform":{}}],"name":"sheetSlot"}]}],"frameRate":10,"defaultActions":[{"gotoAndPlay":"Sprite"}],"animation":[{"ik":[],"playTimes":0,"frame":[],"ffd":[],"duration":16,"slot":[{"frame":[{"duration":1,"tweenEasing":null},{"duration":1,"displayIndex":1,"tweenEasing":null},{"duration":1,"displayIndex":2,"tweenEasing":null},{"duration":1,"displayIndex":3,"tweenEasing":null},{"duration":1,"displayIndex":4,"tweenEasing":null},{"duration":1,"displayIndex":5,"tweenEasing":null},{"duration":1,"displayIndex":6,"tweenEasing":null},{"duration":1,"displayIndex":7,"tweenEasing":null},{"duration":1,"displayIndex":8,"tweenEasing":null},{"duration":1,"displayIndex":9,"tweenEasing":null},{"duration":1,"displayIndex":10,"tweenEasing":null},{"duration":1,"displayIndex":11,"tweenEasing":null},{"duration":1,"displayIndex":12,"tweenEasing":null},{"duration":1,"displayIndex":13,"tweenEasing":null},{"duration":1,"displayIndex":14,"tweenEasing":null},{"duration":1,"displayIndex":15,"tweenEasing":null}],"name":"sheetSlot"}],"name":"Sprite","bone":[]}]}],"frameRate":24,"isGlobal":0,"name":"bg_xiaoliuguang","version":"5.0"}