{"mc":{"nn_myCardType14":{"frameRate":24,"labels":[{"name":"nn_myCardType14","frame":1,"end":31}],"events":[],"frames":[{"res":"nn_myCardType14_0","x":-85,"y":-124},{"res":"nn_myCardType14_1","x":-78,"y":-115},{"res":"nn_myCardType14_2","x":-62,"y":-92},{"res":"nn_myCardType14_3","x":-48,"y":-71},{"res":"nn_myCardType14_4","x":-122,"y":-60},{"res":"nn_myCardType14_5","x":-103,"y":-60},{"res":"nn_myCardType14_6","x":-89,"y":-61},{"res":"nn_myCardType14_7","x":-112,"y":-62},{"res":"nn_myCardType14_8","x":-135,"y":-63},{"res":"nn_myCardType14_9","x":-213,"y":-124},{"res":"nn_myCardType14_10","x":-213,"y":-124},{"res":"nn_myCardType14_11","x":-213,"y":-124},{"res":"nn_myCardType14_12","x":-213,"y":-124},{"res":"nn_myCardType14_13","x":-213,"y":-124},{"res":"nn_myCardType14_14","x":-213,"y":-124},{"res":"nn_myCardType14_15","x":-213,"y":-124},{"res":"nn_myCardType14_16","x":-213,"y":-124},{"res":"nn_myCardType14_17","x":-213,"y":-124},{"res":"nn_myCardType14_18","x":-213,"y":-124},{"res":"nn_myCardType14_19","x":-213,"y":-124},{"res":"nn_myCardType14_20","x":-213,"y":-124},{"res":"nn_myCardType14_21","x":-213,"y":-124},{"res":"nn_myCardType14_22","x":-213,"y":-124},{"res":"nn_myCardType14_23","x":-213,"y":-124},{"res":"nn_myCardType14_24","x":-213,"y":-124},{"res":"nn_myCardType14_25","x":-213,"y":-124},{"res":"nn_myCardType14_26","x":-213,"y":-124},{"res":"nn_myCardType14_27","x":-213,"y":-124},{"res":"nn_myCardType14_28","x":-213,"y":-124},{"res":"nn_myCardType14_29","x":-213,"y":-124},{"res":"nn_myCardType14_30","x":-213,"y":-124}]}},"res":{"nn_myCardType14_11":{"x":877,"y":259,"w":436,"h":256},"nn_myCardType14_23":{"x":1315,"y":1,"w":436,"h":256},"nn_myCardType14_1":{"x":1753,"y":449,"w":183,"h":229},"nn_myCardType14_17":{"x":877,"y":1,"w":436,"h":256},"nn_myCardType14_0":{"x":1753,"y":1,"w":198,"h":249},"nn_myCardType14_21":{"x":877,"y":775,"w":436,"h":256},"nn_myCardType14_19":{"x":1,"y":517,"w":436,"h":256},"nn_myCardType14_3":{"x":1916,"y":1070,"w":115,"h":145},"nn_myCardType14_9":{"x":1315,"y":775,"w":436,"h":256},"nn_myCardType14_15":{"x":439,"y":1033,"w":436,"h":256},"nn_myCardType14_26":{"x":1,"y":775,"w":436,"h":256},"nn_myCardType14_16":{"x":1,"y":1291,"w":436,"h":256},"nn_myCardType14_13":{"x":1315,"y":259,"w":436,"h":256},"nn_myCardType14_29":{"x":877,"y":517,"w":436,"h":256},"nn_myCardType14_7":{"x":1753,"y":680,"w":188,"h":194},"nn_myCardType14_28":{"x":439,"y":1,"w":436,"h":256},"nn_myCardType14_20":{"x":1,"y":1033,"w":436,"h":256},"nn_myCardType14_25":{"x":439,"y":1291,"w":436,"h":256},"nn_myCardType14_30":{"x":877,"y":1033,"w":436,"h":256},"nn_myCardType14_24":{"x":1315,"y":1033,"w":436,"h":256},"nn_myCardType14_18":{"x":1,"y":259,"w":436,"h":256},"nn_myCardType14_2":{"x":877,"y":1291,"w":148,"h":186},"nn_myCardType14_27":{"x":1315,"y":517,"w":436,"h":256},"nn_myCardType14_14":{"x":439,"y":517,"w":436,"h":256},"nn_myCardType14_4":{"x":1753,"y":876,"w":180,"h":192},"nn_myCardType14_8":{"x":1753,"y":252,"w":220,"h":195},"nn_myCardType14_6":{"x":1753,"y":1264,"w":155,"h":193},"nn_myCardType14_10":{"x":1,"y":1,"w":436,"h":256},"nn_myCardType14_22":{"x":439,"y":775,"w":436,"h":256},"nn_myCardType14_12":{"x":439,"y":259,"w":436,"h":256},"nn_myCardType14_5":{"x":1753,"y":1070,"w":161,"h":192}}}