{"file":"common.png","frames":{"checkbox_select_up":{"x":2015,"y":324,"w":23,"h":23,"offX":0,"offY":0,"sourceW":23,"sourceH":23},"img_bg":{"x":1,"y":1,"w":1341,"h":700,"offX":1,"offY":0,"sourceW":1342,"sourceH":700},"btn_close_0":{"x":1727,"y":684,"w":59,"h":59,"offX":0,"offY":0,"sourceW":59,"sourceH":59},"checkbox_unselect":{"x":2002,"y":67,"w":23,"h":23,"offX":0,"offY":0,"sourceW":23,"sourceH":23},"_btn_start":{"x":1657,"y":1,"w":254,"h":115,"offX":0,"offY":0,"sourceW":254,"sourceH":115},"btn_caidan_0":{"x":1816,"y":554,"w":87,"h":105,"offX":0,"offY":0,"sourceW":87,"sourceH":105},"gameID":{"x":1657,"y":545,"w":118,"h":40,"offX":0,"offY":0,"sourceW":118,"sourceH":40},"btn_-cancel_1":{"x":1577,"y":684,"w":73,"h":73,"offX":2,"offY":2,"sourceW":76,"sourceH":79},"btn_common_1":{"x":1799,"y":385,"w":214,"h":84,"offX":0,"offY":0,"sourceW":214,"sourceH":84},"btn_yuyin_0":{"x":1816,"y":661,"w":87,"h":105,"offX":0,"offY":0,"sourceW":87,"sourceH":109},"Img_confirm_down":{"x":1657,"y":118,"w":386,"h":59,"offX":0,"offY":0,"sourceW":386,"sourceH":59},"btn_fanhui_0":{"x":1913,"y":1,"w":87,"h":105,"offX":0,"offY":0,"sourceW":87,"sourceH":105},"btn_common_0":{"x":1799,"y":299,"w":214,"h":84,"offX":0,"offY":0,"sourceW":214,"sourceH":84},"checkbox_select_down":{"x":2002,"y":92,"w":23,"h":23,"offX":0,"offY":0,"sourceW":23,"sourceH":23},"nn_bg1":{"x":1,"y":703,"w":710,"h":426,"offX":0,"offY":0,"sourceW":710,"sourceH":426},"qznn_tips_tittle":{"x":774,"y":703,"w":68,"h":32,"offX":0,"offY":0,"sourceW":68,"sourceH":32},"btn_btn_0":{"x":1846,"y":471,"w":144,"h":81,"offX":0,"offY":0,"sourceW":144,"sourceH":81},"checkbox_select_disabled":{"x":2015,"y":299,"w":23,"h":23,"offX":0,"offY":0,"sourceW":23,"sourceH":23},"Img_confirm_up":{"x":1657,"y":240,"w":386,"h":57,"offX":0,"offY":0,"sourceW":386,"sourceH":57},"btn_bg":{"x":1344,"y":1,"w":311,"h":593,"offX":0,"offY":0,"sourceW":311,"sourceH":593},"gold":{"x":2002,"y":39,"w":25,"h":26,"offX":0,"offY":0,"sourceW":25,"sourceH":26},"img_jinbi":{"x":2002,"y":1,"w":36,"h":36,"offX":0,"offY":0,"sourceW":36,"sourceH":36},"img_tx":{"x":1657,"y":299,"w":140,"h":139,"offX":0,"offY":0,"sourceW":140,"sourceH":139},"img_bottom":{"x":1344,"y":596,"w":470,"h":86,"offX":5,"offY":0,"sourceW":480,"sourceH":95},"nn_close":{"x":1344,"y":684,"w":81,"h":81,"offX":0,"offY":0,"sourceW":81,"sourceH":81},"btn_close_1":{"x":713,"y":703,"w":59,"h":59,"offX":0,"offY":0,"sourceW":59,"sourceH":59},"btn_-cancel_0":{"x":1652,"y":684,"w":73,"h":73,"offX":2,"offY":2,"sourceW":76,"sourceH":79},"xiang":{"x":1905,"y":661,"w":98,"h":88,"offX":4,"offY":22,"sourceW":105,"sourceH":130},"qznn_tips_btn2":{"x":1657,"y":471,"w":187,"h":72,"offX":0,"offY":0,"sourceW":187,"sourceH":72},"Img_Inpt_bg":{"x":1657,"y":179,"w":385,"h":59,"offX":0,"offY":0,"sourceW":385,"sourceH":59},"btn_liaotian_0":{"x":1905,"y":554,"w":87,"h":105,"offX":0,"offY":0,"sourceW":87,"sourceH":109},"btn_cancel_0":{"x":1427,"y":684,"w":73,"h":75,"offX":2,"offY":2,"sourceW":76,"sourceH":79},"btn_cancel_1":{"x":1502,"y":684,"w":73,"h":75,"offX":2,"offY":2,"sourceW":76,"sourceH":79}}}