{"width":1024,"imagePath":"tongbiniuniu_tex.png","height":512,"name":"tongbiniuniu","SubTexture":[{"width":90,"y":129,"height":90,"name":"图层_1","x":611},{"width":83,"y":228,"height":257,"name":"图层_2","x":398},{"width":138,"y":1,"height":287,"name":"图层_3","x":228},{"width":112,"y":1,"height":160,"name":"图层_4","x":473},{"width":225,"y":1,"height":419,"name":"图层_5","x":1},{"width":81,"y":1,"height":126,"name":"图层_6","x":587},{"width":59,"y":163,"height":182,"name":"图层_7","x":550},{"width":72,"y":1,"height":110,"name":"图层_8","x":682},{"width":65,"y":163,"height":212,"name":"图层_9","x":483},{"width":103,"y":1,"height":225,"name":"图层_10","x":368},{"width":168,"y":290,"height":143,"name":"图层_11","x":228},{"width":100,"y":377,"height":97,"name":"图层_12","x":483},{"width":95,"y":347,"height":90,"name":"图层_13","x":585},{"width":65,"y":476,"height":31,"name":"图层_14","x":483},{"width":40,"y":422,"height":41,"name":"图层_15","x":1}]}