{"armature":[{"ik":[],"slot":[{"displayIndex":2,"name":"sheetSlot","parent":"root","color":{}}],"type":"Sheet","name":"Sprite","bone":[{"transform":{},"name":"root"}],"aabb":{"width":1472,"y":-414,"height":828,"x":-736},"skin":[{"name":"","slot":[{"display":[{"path":"tongbiniuniu_10","type":"image","name":"tongbiniuniu_10","transform":{}},{"path":"tongbiniuniu_0","type":"image","name":"tongbiniuniu_0","transform":{}},{"path":"tongbiniuniu_1","type":"image","name":"tongbiniuniu_1","transform":{}},{"path":"tongbiniuniu_2","type":"image","name":"tongbiniuniu_2","transform":{}},{"path":"tongbiniuniu_3","type":"image","name":"tongbiniuniu_3","transform":{}},{"path":"tongbiniuniu_4","type":"image","name":"tongbiniuniu_4","transform":{}},{"path":"tongbiniuniu_5","type":"image","name":"tongbiniuniu_5","transform":{}},{"path":"tongbiniuniu_6","type":"image","name":"tongbiniuniu_6","transform":{}},{"path":"tongbiniuniu_7","type":"image","name":"tongbiniuniu_7","transform":{}},{"path":"tongbiniuniu_8","type":"image","name":"tongbiniuniu_8","transform":{}},{"path":"tongbiniuniu_9","type":"image","name":"tongbiniuniu_9","transform":{}}],"name":"sheetSlot"}]}],"frameRate":10,"defaultActions":[{"gotoAndPlay":"Sprite"}],"animation":[{"ik":[],"playTimes":0,"frame":[],"ffd":[],"duration":11,"slot":[{"frame":[{"duration":1,"tweenEasing":null},{"duration":1,"displayIndex":1,"tweenEasing":null},{"duration":1,"displayIndex":2,"tweenEasing":null},{"duration":1,"displayIndex":3,"tweenEasing":null},{"duration":1,"displayIndex":4,"tweenEasing":null},{"duration":1,"displayIndex":5,"tweenEasing":null},{"duration":1,"displayIndex":6,"tweenEasing":null},{"duration":1,"displayIndex":7,"tweenEasing":null},{"duration":1,"displayIndex":8,"tweenEasing":null},{"duration":1,"displayIndex":9,"tweenEasing":null},{"duration":1,"displayIndex":10,"tweenEasing":null}],"name":"sheetSlot"}],"name":"Sprite","bone":[]}]}],"frameRate":24,"isGlobal":0,"name":"bg_tongbiniuniu","version":"5.0"}