{"armature":[{"slot":[{"name":"zhajinhua","parent":"zhajinhua","color":{}}],"type":"Armature","name":"armatureName","bone":[{"transform":{},"name":"root"},{"length":144,"transform":{"y":-58.05,"skX":-85.2033,"skY":-85.2033,"x":-246.6},"parent":"root","name":"zhajinhua"}],"skin":[{"name":"","slot":[{"display":[{"userEdges":[],"edges":[0,1,1,3,3,2,2,0],"type":"mesh","vertices":[-142,-132.5,142,-132.5,-142,132.5,142,132.5,37.5,44.65,-21.7,49,86.8,83,28.75,78.6,-38.15,80.8,-98.4,75.3,-25,-33.2,-19.5,-97.85,15.6,-43.05,-68.8,-66.05,-95.1,-1.4,-126.9,70.95],"transform":{"y":20.6158,"skX":85.2033,"skY":85.2033,"x":72.4276},"uvs":[0,0,1,0,0,1,1,1,0.63204,0.66849,0.42359,0.68491,0.80563,0.81321,0.60123,0.7966,0.36567,0.80491,0.15352,0.78415,0.41197,0.37472,0.43134,0.13075,0.55493,0.33755,0.25775,0.25075,0.16514,0.49472,0.05317,0.76774],"path":"zhajinhua","triangles":[0,11,1,11,12,1,4,6,1,12,4,1,7,8,3,8,2,3,6,7,3,1,6,3,4,7,6,12,10,4,10,5,4,5,7,4,5,8,7,11,10,12,9,2,8,10,14,5,13,10,11,0,13,11,9,8,5,14,9,5,13,14,10,15,9,14,0,14,13,15,2,9,0,15,14,0,2,15],"height":265,"name":"zhajinhua","width":284}],"name":"zhajinhua"}]}],"ik":[],"aabb":{"width":284,"y":-261,"height":265,"x":-362},"animation":[{"ik":[],"playTimes":0,"frame":[],"ffd":[{"frame":[{"duration":14,"offset":0,"vertices":[],"tweenEasing":0},{"duration":24,"offset":0,"vertices":[],"tweenEasing":0},{"duration":16,"offset":8,"vertices":[3.25,-2.2,0,-5.45,0,0,0,0,0,0,0,0,0,-2.1,0,-3.3,0,-2.2,0,0,0,0,0,0],"tweenEasing":0},{"duration":0,"offset":0,"vertices":[],"tweenEasing":null}],"slot":"zhajinhua","scale":1,"offset":0,"name":"zhajinhua","skin":""}],"duration":54,"slot":[],"name":"newAnimation","bone":[{"frame":[{"duration":54,"transform":{}}],"name":"root"},{"frame":[{"duration":54,"transform":{}}],"name":"zhajinhua"}]}],"frameRate":24,"defaultActions":[{"gotoAndPlay":"newAnimation"}]}],"frameRate":24,"name":"zjh_rukou","version":"5.0","isGlobal":0}