{"armature":[{"ik":[],"slot":[{"displayIndex":2,"name":"sheetSlot","parent":"root","color":{}}],"type":"Sheet","name":"Sprite","bone":[{"transform":{},"name":"root"}],"aabb":{"width":1472,"y":-414,"height":828,"x":-736},"skin":[{"name":"","slot":[{"display":[{"path":"daliuguang_21","type":"image","name":"daliuguang_21","transform":{}},{"path":"daliuguang_1","type":"image","name":"daliuguang_1","transform":{}},{"path":"daliuguang_2","type":"image","name":"daliuguang_2","transform":{}},{"path":"daliuguang_3","type":"image","name":"daliuguang_3","transform":{}},{"path":"daliuguang_4","type":"image","name":"daliuguang_4","transform":{}},{"path":"daliuguang_5","type":"image","name":"daliuguang_5","transform":{}},{"path":"daliuguang_6","type":"image","name":"daliuguang_6","transform":{}},{"path":"daliuguang_7","type":"image","name":"daliuguang_7","transform":{}},{"path":"daliuguang_8","type":"image","name":"daliuguang_8","transform":{}},{"path":"daliuguang_9","type":"image","name":"daliuguang_9","transform":{}},{"path":"daliuguang_10","type":"image","name":"daliuguang_10","transform":{}},{"path":"daliuguang_11","type":"image","name":"daliuguang_11","transform":{}},{"path":"daliuguang_12","type":"image","name":"daliuguang_12","transform":{}},{"path":"daliuguang_13","type":"image","name":"daliuguang_13","transform":{}},{"path":"daliuguang_14","type":"image","name":"daliuguang_14","transform":{}},{"path":"daliuguang_15","type":"image","name":"daliuguang_15","transform":{}},{"path":"daliuguang_16","type":"image","name":"daliuguang_16","transform":{}},{"path":"daliuguang_17","type":"image","name":"daliuguang_17","transform":{}},{"path":"daliuguang_18","type":"image","name":"daliuguang_18","transform":{}},{"path":"daliuguang_19","type":"image","name":"daliuguang_19","transform":{}},{"path":"daliuguang_20","type":"image","name":"daliuguang_20","transform":{}}],"name":"sheetSlot"}]}],"frameRate":10,"defaultActions":[{"gotoAndPlay":"Sprite"}],"animation":[{"ik":[],"playTimes":0,"frame":[],"ffd":[],"duration":21,"slot":[{"frame":[{"duration":1,"tweenEasing":null},{"duration":1,"displayIndex":1,"tweenEasing":null},{"duration":1,"displayIndex":2,"tweenEasing":null},{"duration":1,"displayIndex":3,"tweenEasing":null},{"duration":1,"displayIndex":4,"tweenEasing":null},{"duration":1,"displayIndex":5,"tweenEasing":null},{"duration":1,"displayIndex":6,"tweenEasing":null},{"duration":1,"displayIndex":7,"tweenEasing":null},{"duration":1,"displayIndex":8,"tweenEasing":null},{"duration":1,"displayIndex":9,"tweenEasing":null},{"duration":1,"displayIndex":10,"tweenEasing":null},{"duration":1,"displayIndex":11,"tweenEasing":null},{"duration":1,"displayIndex":12,"tweenEasing":null},{"duration":1,"displayIndex":13,"tweenEasing":null},{"duration":1,"displayIndex":14,"tweenEasing":null},{"duration":1,"displayIndex":15,"tweenEasing":null},{"duration":1,"displayIndex":16,"tweenEasing":null},{"duration":1,"displayIndex":17,"tweenEasing":null},{"duration":1,"displayIndex":18,"tweenEasing":null},{"duration":1,"displayIndex":19,"tweenEasing":null},{"duration":1,"displayIndex":20,"tweenEasing":null}],"name":"sheetSlot"}],"name":"Sprite","bone":[]}]}],"frameRate":24,"isGlobal":0,"name":"bg_daliuguang","version":"5.0"}