{"armature":[{"slot":[{"name":"baijiale","parent":"baijiale","color":{}}],"type":"Armature","name":"armatureName","bone":[{"transform":{},"name":"root"},{"length":172,"transform":{"y":-46,"skX":-71.1032,"skY":-71.1032,"x":27.4},"parent":"root","name":"baijiale"}],"skin":[{"name":"","slot":[{"display":[{"userEdges":[],"edges":[0,1,1,3,3,2,2,0],"type":"mesh","vertices":[-135.5,-134,135.5,-134,-135.5,134,135.5,134,7.3,51.4,-54.1,41.55,79.6,73.35,12.75,83.2,-47.5,77.7,-99.05,76.65,-0.4,13.05,22.65,-37.35,19.35,-107.5,68.65,-62.55,-35.45,-62.55,-80.4,-97.65,-97.95,-17.65],"transform":{"y":7.248,"skX":71.1032,"skY":71.1032,"x":93.3803},"uvs":[0,0,1,0,0,1,1,1,0.52694,0.69179,0.30037,0.65504,0.79373,0.77369,0.54705,0.81045,0.32472,0.78993,0.1345,0.78601,0.49852,0.54869,0.58358,0.36063,0.5714,0.09888,0.75332,0.2666,0.36919,0.2666,0.20332,0.13563,0.13856,0.43414],"path":"baijiale","triangles":[13,11,6,0,12,1,12,13,1,13,6,1,6,7,3,7,2,3,1,6,3,8,2,7,0,15,12,11,10,6,10,4,6,4,7,6,12,11,13,12,14,11,14,10,11,15,14,12,4,8,7,10,5,4,5,8,4,14,16,10,16,5,10,9,2,8,15,16,14,5,9,8,16,9,5,0,16,15,2,9,16,0,2,16],"height":268,"name":"baijiale","width":271}],"name":"baijiale"}]}],"ik":[],"aabb":{"width":271,"y":-266.00005337088976,"height":268,"x":-71.00007072386651},"animation":[{"ik":[],"playTimes":0,"frame":[],"ffd":[{"frame":[{"duration":7,"offset":0,"vertices":[],"tweenEasing":0},{"duration":5,"offset":0,"vertices":[],"tweenEasing":0},{"duration":24,"offset":0,"vertices":[],"tweenEasing":0},{"duration":18,"offset":8,"vertices":[2.5,-4.25,-1.8,-4.25,1,0,0,0,0,0,0,0,0,-4.4,0,-0.85,0,-1.7,0,0,0,0,0,0,0,-1.7],"tweenEasing":0},{"duration":0,"offset":0,"vertices":[],"tweenEasing":null}],"slot":"baijiale","scale":1,"offset":0,"name":"baijiale","skin":""}],"duration":54,"slot":[],"name":"newAnimation","bone":[{"frame":[{"duration":54,"transform":{}}],"name":"root"},{"frame":[{"duration":54,"transform":{}}],"name":"baijiale"}]}],"frameRate":24,"defaultActions":[{"gotoAndPlay":"newAnimation"}]}],"frameRate":24,"name":"bjl_rukou","version":"5.0","isGlobal":0}