{"imagePath":"qznn_nvrenwu_tex.png","width":512,"height":512,"name":"qznn_nvrenwu","SubTexture":[{"width":43,"y":410,"height":86,"name":"右边头发","x":84},{"width":105,"y":1,"height":123,"name":"头","x":399},{"width":56,"y":335,"height":73,"name":"左边头发1","x":69},{"width":86,"y":270,"height":63,"name":"扑克","x":69},{"width":81,"y":417,"height":70,"name":"右边手","x":1},{"width":143,"y":256,"height":161,"name":"右边手臂","x":236},{"width":27,"y":335,"height":26,"name":"右边头发小","x":127},{"width":161,"y":1,"height":253,"name":"身体","x":236},{"width":66,"y":270,"height":145,"name":"左边手臂","x":1},{"width":75,"y":256,"height":242,"name":"左边手","x":381},{"width":233,"y":1,"height":267,"name":"下半身","x":1},{"width":31,"y":211,"height":28,"name":"腰部呼吸灯","x":448},{"width":93,"y":126,"height":83,"name":"左边头发2","x":399},{"width":47,"y":211,"height":29,"name":"眼睛","x":399}]}