{"texture":"suijin.png","tangentialAcceleration":0,"maxRadiusVariance":30,"lifespan":1500,"tangentialAccelerationVariance":0,"minRadius":20,"lifespanVariance":700,"minRadiusVariance":10,"startSize":10,"rotatePerSecond":30,"startSizeVariance":10,"rotatePerSecondVariance":10,"endRed":255,"endGreen":255,"emitter":{"x":677,"y":340},"emitterVariance":{"x":0,"y":2},"emitAngle":360,"startGreen":255,"endSize":10,"emitAngleVariance":360,"radialAcceleration":0,"endSizeVariance":5,"startRotation":0,"endRedVariance":0,"endBlue":255,"startAlpha":0.8901960784313725,"endAlphaVariance":0,"endRotation":263.58,"startBlueVariance":0,"endRotationVariance":292.07,"endBlueVariance":0,"endAlpha":1,"gravity":{"x":0,"y":0},"speedVariance":0,"maxParticles":10,"startRotationVariance":10,"startAlphaVariance":0,"startRedVariance":0,"speed":50,"engGreenVariance":0,"startRed":255,"radialAccelerationVariance":0,"emitterType":0,"blendFactorSource":"one","startBlue":255,"blendFactorDestination":"oneMinusSourceAlpha","startGreenVariance":0,"maxRadius":100,"duration":-1}