{"file":"qzcard.png","frames":{"qznn_card_213":{"x":375,"y":1062,"w":123,"h":175,"offX":0,"offY":0,"sourceW":124,"sourceH":175},"qznn_card_409":{"x":250,"y":1062,"w":123,"h":175,"offX":0,"offY":0,"sourceW":124,"sourceH":175},"qznn_card_307":{"x":125,"y":1062,"w":123,"h":175,"offX":0,"offY":0,"sourceW":124,"sourceH":175},"qznn_card_404":{"x":0,"y":1062,"w":123,"h":175,"offX":0,"offY":0,"sourceW":124,"sourceH":175},"qznn_card_109":{"x":875,"y":885,"w":123,"h":175,"offX":0,"offY":0,"sourceW":124,"sourceH":175},"qznn_card_101":{"x":750,"y":885,"w":123,"h":175,"offX":0,"offY":0,"sourceW":124,"sourceH":175},"qznn_card_110":{"x":625,"y":885,"w":123,"h":175,"offX":0,"offY":0,"sourceW":124,"sourceH":175},"qznn_card_206":{"x":500,"y":885,"w":123,"h":175,"offX":0,"offY":0,"sourceW":124,"sourceH":175},"qznn_card_412":{"x":375,"y":885,"w":123,"h":175,"offX":0,"offY":0,"sourceW":124,"sourceH":175},"qznn_card_102":{"x":250,"y":885,"w":123,"h":175,"offX":0,"offY":0,"sourceW":124,"sourceH":175},"qznn_card_313":{"x":125,"y":885,"w":123,"h":175,"offX":0,"offY":0,"sourceW":124,"sourceH":175},"qznn_card_311":{"x":0,"y":885,"w":123,"h":175,"offX":0,"offY":0,"sourceW":124,"sourceH":175},"qznn_card_402":{"x":875,"y":708,"w":123,"h":175,"offX":0,"offY":0,"sourceW":124,"sourceH":175},"qznn_card_306":{"x":750,"y":708,"w":123,"h":175,"offX":0,"offY":0,"sourceW":124,"sourceH":175},"qznn_card_212":{"x":625,"y":708,"w":123,"h":175,"offX":0,"offY":0,"sourceW":124,"sourceH":175},"qznn_card_407":{"x":500,"y":708,"w":123,"h":175,"offX":0,"offY":0,"sourceW":124,"sourceH":175},"qznn_card_108":{"x":375,"y":708,"w":123,"h":175,"offX":0,"offY":0,"sourceW":124,"sourceH":175},"qznn_card_203":{"x":250,"y":708,"w":123,"h":175,"offX":0,"offY":0,"sourceW":124,"sourceH":175},"qznn_card_304":{"x":125,"y":708,"w":123,"h":175,"offX":0,"offY":0,"sourceW":124,"sourceH":175},"qznn_card_410":{"x":0,"y":708,"w":123,"h":175,"offX":0,"offY":0,"sourceW":124,"sourceH":175},"qznn_card_310":{"x":875,"y":531,"w":123,"h":175,"offX":0,"offY":0,"sourceW":124,"sourceH":175},"qznn_card_305":{"x":750,"y":531,"w":123,"h":175,"offX":0,"offY":0,"sourceW":124,"sourceH":175},"qznn_card_204":{"x":625,"y":531,"w":123,"h":175,"offX":0,"offY":0,"sourceW":124,"sourceH":175},"qznn_card_405":{"x":500,"y":531,"w":123,"h":175,"offX":0,"offY":0,"sourceW":124,"sourceH":175},"qznn_card_103":{"x":375,"y":531,"w":123,"h":175,"offX":0,"offY":0,"sourceW":124,"sourceH":175},"qznn_card_413":{"x":250,"y":531,"w":123,"h":175,"offX":0,"offY":0,"sourceW":124,"sourceH":175},"qznn_card_309":{"x":125,"y":531,"w":123,"h":175,"offX":0,"offY":0,"sourceW":124,"sourceH":175},"qznn_card_211":{"x":0,"y":531,"w":123,"h":175,"offX":0,"offY":0,"sourceW":124,"sourceH":175},"qznn_card_408":{"x":875,"y":354,"w":123,"h":175,"offX":0,"offY":0,"sourceW":124,"sourceH":175},"qznn_card_403":{"x":750,"y":354,"w":123,"h":175,"offX":0,"offY":0,"sourceW":124,"sourceH":175},"qznn_card_104":{"x":625,"y":354,"w":123,"h":175,"offX":0,"offY":0,"sourceW":124,"sourceH":175},"qznn_card_312":{"x":500,"y":354,"w":123,"h":175,"offX":0,"offY":0,"sourceW":124,"sourceH":175},"qznn_card_208":{"x":375,"y":354,"w":123,"h":175,"offX":0,"offY":0,"sourceW":124,"sourceH":175},"qznn_card_105":{"x":250,"y":354,"w":123,"h":175,"offX":0,"offY":0,"sourceW":124,"sourceH":175},"qznn_card_303":{"x":125,"y":354,"w":123,"h":175,"offX":0,"offY":0,"sourceW":124,"sourceH":175},"qznn_card_201":{"x":0,"y":354,"w":123,"h":175,"offX":0,"offY":0,"sourceW":124,"sourceH":175},"qznn_card_209":{"x":875,"y":177,"w":123,"h":175,"offX":0,"offY":0,"sourceW":124,"sourceH":175},"qznn_card_411":{"x":750,"y":177,"w":123,"h":175,"offX":0,"offY":0,"sourceW":124,"sourceH":175},"qznn_card_401":{"x":625,"y":177,"w":123,"h":175,"offX":0,"offY":0,"sourceW":124,"sourceH":175},"qznn_card_112":{"x":500,"y":177,"w":123,"h":175,"offX":0,"offY":0,"sourceW":124,"sourceH":175},"qznn_card_113":{"x":375,"y":177,"w":123,"h":175,"offX":0,"offY":0,"sourceW":124,"sourceH":175},"qznn_card_301":{"x":250,"y":177,"w":123,"h":175,"offX":0,"offY":0,"sourceW":124,"sourceH":175},"qznn_card_302":{"x":125,"y":177,"w":123,"h":175,"offX":0,"offY":0,"sourceW":124,"sourceH":175},"qznn_card_205":{"x":0,"y":177,"w":123,"h":175,"offX":0,"offY":0,"sourceW":124,"sourceH":175},"qznn_card_308":{"x":875,"y":0,"w":123,"h":175,"offX":0,"offY":0,"sourceW":124,"sourceH":175},"qznn_card_202":{"x":750,"y":0,"w":123,"h":175,"offX":0,"offY":0,"sourceW":124,"sourceH":175},"qznn_card_107":{"x":625,"y":0,"w":123,"h":175,"offX":0,"offY":0,"sourceW":124,"sourceH":175},"qznn_card_111":{"x":500,"y":0,"w":123,"h":175,"offX":0,"offY":0,"sourceW":124,"sourceH":175},"qznn_card_207":{"x":375,"y":0,"w":123,"h":175,"offX":0,"offY":0,"sourceW":124,"sourceH":175},"qznn_card_210":{"x":250,"y":0,"w":123,"h":175,"offX":0,"offY":0,"sourceW":124,"sourceH":175},"qznn_card_106":{"x":125,"y":0,"w":123,"h":175,"offX":0,"offY":0,"sourceW":124,"sourceH":175},"qznn_card_406":{"x":0,"y":0,"w":123,"h":175,"offX":0,"offY":0,"sourceW":124,"sourceH":175},"qznn_card_100":{"x":500,"y":1062,"w":120,"h":174,"offX":2,"offY":1,"sourceW":124,"sourceH":175}}}