{"armature":[{"ik":[],"slot":[{"displayIndex":10,"name":"sheetSlot","parent":"root","color":{}}],"type":"Sheet","name":"Sprite","bone":[{"transform":{},"name":"root"}],"aabb":{"width":1472,"y":-414,"height":828,"x":-736},"skin":[{"name":"","slot":[{"display":[{"path":"bairenniuniu_4","type":"image","name":"bairenniuniu_4","transform":{}},{"path":"bairenniuniu_5","type":"image","name":"bairenniuniu_5","transform":{}},{"path":"bairenniuniu_6","type":"image","name":"bairenniuniu_6","transform":{}},{"path":"bairenniuniu_7","type":"image","name":"bairenniuniu_7","transform":{}},{"path":"bairenniuniu_8","type":"image","name":"bairenniuniu_8","transform":{}},{"path":"bairenniuniu_9","type":"image","name":"bairenniuniu_9","transform":{}},{"path":"bairenniuniu_10","type":"image","name":"bairenniuniu_10","transform":{}},{"path":"bairenniuniu_0","type":"image","name":"bairenniuniu_0","transform":{}},{"path":"bairenniuniu_1","type":"image","name":"bairenniuniu_1","transform":{}},{"path":"bairenniuniu_2","type":"image","name":"bairenniuniu_2","transform":{}},{"path":"bairenniuniu_3","type":"image","name":"bairenniuniu_3","transform":{}}],"name":"sheetSlot"}]}],"frameRate":10,"defaultActions":[{"gotoAndPlay":"Sprite"}],"animation":[{"ik":[],"playTimes":0,"frame":[],"ffd":[],"duration":11,"slot":[{"frame":[{"duration":1,"tweenEasing":null},{"duration":1,"displayIndex":1,"tweenEasing":null},{"duration":1,"displayIndex":2,"tweenEasing":null},{"duration":1,"displayIndex":3,"tweenEasing":null},{"duration":1,"displayIndex":4,"tweenEasing":null},{"duration":1,"displayIndex":5,"tweenEasing":null},{"duration":1,"displayIndex":6,"tweenEasing":null},{"duration":1,"displayIndex":7,"tweenEasing":null},{"duration":1,"displayIndex":8,"tweenEasing":null},{"duration":1,"displayIndex":9,"tweenEasing":null},{"duration":1,"displayIndex":10,"tweenEasing":null}],"name":"sheetSlot"}],"name":"Sprite","bone":[]}]}],"frameRate":24,"isGlobal":0,"name":"bg_bairenniuniu","version":"5.0"}