{"SubTexture":[{"frameHeight":828,"y":223,"frameWidth":1472,"frameX":-384,"width":142,"frameY":-166,"height":127,"name":"xiaoliuguang_2","x":511},{"frameHeight":828,"y":352,"frameWidth":1472,"frameX":-522,"width":126,"frameY":-268,"height":143,"name":"xiaoliuguang_9","x":541},{"frameHeight":828,"y":373,"frameWidth":1472,"frameX":-499,"width":149,"frameY":-166,"height":125,"name":"xiaoliuguang_5","x":379},{"frameHeight":828,"y":193,"frameWidth":1472,"frameX":-384,"width":109,"frameY":-219,"height":192,"name":"xiaoliuguang_14","x":1},{"frameHeight":828,"y":399,"frameWidth":1472,"frameX":-384,"width":187,"frameY":-302,"height":109,"name":"xiaoliuguang_12","x":190},{"frameHeight":828,"y":1,"frameWidth":1472,"frameX":-525,"width":123,"frameY":-166,"height":158,"name":"xiaoliuguang_6","x":240},{"frameHeight":828,"y":1,"frameWidth":1472,"frameX":-384,"width":111,"frameY":-166,"height":190,"name":"xiaoliuguang_16","x":1},{"frameHeight":828,"y":161,"frameWidth":1472,"frameX":-487,"width":161,"frameY":-291,"height":120,"name":"xiaoliuguang_10","x":292},{"frameHeight":828,"y":1,"frameWidth":1472,"frameX":-564,"width":84,"frameY":-191,"height":220,"name":"xiaoliuguang_8","x":455},{"frameHeight":828,"y":137,"frameWidth":1472,"frameX":-416,"width":232,"frameY":-345,"height":66,"name":"xiaoliuguang_11","x":541},{"frameHeight":828,"y":1,"frameWidth":1472,"frameX":-384,"width":124,"frameY":-166,"height":158,"name":"xiaoliuguang_1","x":114},{"frameHeight":828,"y":193,"frameWidth":1472,"frameX":-548,"width":100,"frameY":-166,"height":204,"name":"xiaoliuguang_7","x":190},{"frameHeight":828,"y":205,"frameWidth":1472,"frameX":-384,"width":45,"frameY":-166,"height":244,"name":"xiaoliuguang_15","x":671},{"frameHeight":828,"y":1,"frameWidth":1472,"frameX":-384,"width":128,"frameY":-277,"height":134,"name":"xiaoliuguang_13","x":541},{"frameHeight":828,"y":387,"frameWidth":1472,"frameX":-384,"width":187,"frameY":-166,"height":111,"name":"xiaoliuguang_3","x":1},{"frameHeight":828,"y":283,"frameWidth":1472,"frameX":-431,"width":217,"frameY":-166,"height":88,"name":"xiaoliuguang_4","x":292}],"width":1024,"imagePath":"bg_xiaoliuguang_tex.png","height":512,"name":"bg_xiaoliuguang"}