{"armature":[{"ik":[],"slot":[{"displayIndex":11,"name":"sheetSlot","parent":"root","color":{}}],"type":"Sheet","name":"Sprite","bone":[{"transform":{},"name":"root"}],"aabb":{"width":1472,"y":-414,"height":828,"x":-736},"skin":[{"name":"","slot":[{"display":[{"path":"baijiale_0","type":"image","name":"baijiale_0","transform":{}},{"path":"baijiale_1","type":"image","name":"baijiale_1","transform":{}},{"path":"baijiale_2","type":"image","name":"baijiale_2","transform":{}},{"path":"baijiale_3","type":"image","name":"baijiale_3","transform":{}},{"path":"baijiale_4","type":"image","name":"baijiale_4","transform":{}},{"path":"baijiale_5","type":"image","name":"baijiale_5","transform":{}},{"path":"baijiale_6","type":"image","name":"baijiale_6","transform":{}},{"path":"baijiale_7","type":"image","name":"baijiale_7","transform":{}},{"path":"baijiale_8","type":"image","name":"baijiale_8","transform":{}},{"path":"baijiale_9","type":"image","name":"baijiale_9","transform":{}},{"path":"baijiale_10","type":"image","name":"baijiale_10","transform":{}},{"path":"baijiale_11","type":"image","name":"baijiale_11","transform":{}}],"name":"sheetSlot"}]}],"frameRate":10,"defaultActions":[{"gotoAndPlay":"Sprite"}],"animation":[{"ik":[],"playTimes":0,"frame":[],"ffd":[],"duration":12,"slot":[{"frame":[{"duration":1,"tweenEasing":null},{"duration":1,"displayIndex":1,"tweenEasing":null},{"duration":1,"displayIndex":2,"tweenEasing":null},{"duration":1,"displayIndex":3,"tweenEasing":null},{"duration":1,"displayIndex":4,"tweenEasing":null},{"duration":1,"displayIndex":5,"tweenEasing":null},{"duration":1,"displayIndex":6,"tweenEasing":null},{"duration":1,"displayIndex":7,"tweenEasing":null},{"duration":1,"displayIndex":8,"tweenEasing":null},{"duration":1,"displayIndex":9,"tweenEasing":null},{"duration":1,"displayIndex":10,"tweenEasing":null},{"duration":1,"displayIndex":11,"tweenEasing":null}],"name":"sheetSlot"}],"name":"Sprite","bone":[]}]}],"frameRate":24,"isGlobal":0,"name":"bg_baijiale","version":"5.0"}