{"armature":[{"slot":[{"name":"erbagang","parent":"erbagang","color":{}}],"type":"Armature","name":"armatureName","bone":[{"transform":{},"name":"root"},{"length":191,"transform":{"y":-241.1,"skX":125.3938,"skY":125.3938,"x":451.55},"parent":"root","name":"erbagang"}],"skin":[{"name":"","slot":[{"display":[{"userEdges":[],"edges":[0,1,1,3,3,2,2,0],"type":"mesh","vertices":[-142,-133.5,142,-133.5,-142,133.5,142,133.5,89.15,59.6,28.85,65.05,-36.9,21.25,31.05,13.55,31.05,-50,42,-113.6,-25.95,-66.45,66.15,-43.45,118.75,91.35,70.5,89.2,36.55,95.75,5.85,83.7,-10.6,59.6,-55.55,56.3,-105.95,13.55,-115.8,54.1],"transform":{"y":18.6684,"skX":-125.2305,"skY":-125.2305,"x":146.1357},"uvs":[0,0,1,0,0,1,1,1,0.81391,0.72322,0.60158,0.74363,0.37007,0.57959,0.60933,0.55075,0.60933,0.31273,0.64789,0.07453,0.40863,0.25112,0.73292,0.33727,0.91813,0.84213,0.74824,0.83408,0.6287,0.85861,0.5206,0.81348,0.46268,0.72322,0.3044,0.71086,0.12694,0.55075,0.09225,0.70262],"path":"erbagang","triangles":[0,9,1,9,11,1,4,12,1,11,4,1,12,13,3,13,14,3,14,2,3,1,12,3,11,7,4,4,13,12,15,2,14,9,8,11,5,13,4,7,5,4,8,7,11,5,14,13,16,5,7,8,6,7,5,15,14,10,8,9,0,10,9,10,6,8,6,16,7,16,15,5,16,17,15,17,2,15,18,6,10,6,17,16,0,18,10,19,2,17,18,17,6,18,19,17,0,19,18,0,2,19],"height":267,"name":"erbagang","width":284}],"name":"erbagang"}]}],"ik":[],"aabb":{"width":284,"y":-266.2840992658254,"height":267,"x":209.69101131498263},"animation":[{"ik":[],"playTimes":0,"frame":[],"ffd":[{"frame":[{"duration":22,"offset":0,"vertices":[],"tweenEasing":0},{"duration":26,"offset":8,"vertices":[0.85,-4.25,-3.55,-7.65,-0.85,-5.05,1.75,-4.4,0,-2.55,0,-2.7,0,0,0,-1.7,0,0,0,0,0,0,0,0,-2.55,-1.7,0,0,0,-1.75,0,0],"tweenEasing":0},{"duration":0,"offset":0,"vertices":[],"tweenEasing":null}],"slot":"erbagang","scale":1,"offset":0,"name":"erbagang","skin":""}],"duration":48,"slot":[],"name":"newAnimation","bone":[{"frame":[{"duration":48,"transform":{}}],"name":"root"},{"frame":[{"duration":48,"transform":{}}],"name":"erbagang"}]}],"frameRate":24,"defaultActions":[{"gotoAndPlay":"newAnimation"}]}],"frameRate":24,"name":"ebg_rukou","version":"5.0","isGlobal":0}