{"SubTexture":[{"frameHeight":828,"y":444,"frameWidth":1472,"frameX":-125,"width":233,"frameY":-165,"height":64,"name":"daliuguang_20","x":334},{"frameHeight":828,"y":374,"frameWidth":1472,"frameX":-172,"width":186,"frameY":-564,"height":109,"name":"daliuguang_8","x":1},{"frameHeight":828,"y":179,"frameWidth":1472,"frameX":-203,"width":155,"frameY":-165,"height":120,"name":"daliuguang_21","x":434},{"frameHeight":828,"y":127,"frameWidth":1472,"frameX":-355,"width":3,"frameY":-239,"height":249,"name":"daliuguang_3","x":664},{"frameHeight":828,"y":127,"frameWidth":1472,"frameX":-355,"width":3,"frameY":-320,"height":249,"name":"daliuguang_4","x":654},{"frameHeight":828,"y":127,"frameWidth":1472,"frameX":-58,"width":3,"frameY":-320,"height":248,"name":"daliuguang_14","x":679},{"frameHeight":828,"y":1,"frameWidth":1472,"frameX":-58,"width":191,"frameY":-165,"height":106,"name":"daliuguang_19","x":118},{"frameHeight":828,"y":127,"frameWidth":1472,"frameX":-58,"width":3,"frameY":-230,"height":248,"name":"daliuguang_15","x":674},{"frameHeight":828,"y":301,"frameWidth":1472,"frameX":-234,"width":124,"frameY":-549,"height":124,"name":"daliuguang_7","x":409},{"frameHeight":828,"y":127,"frameWidth":1472,"frameX":-58,"width":3,"frameY":-405,"height":248,"name":"daliuguang_13","x":669},{"frameHeight":828,"y":109,"frameWidth":1472,"frameX":-254,"width":104,"frameY":-479,"height":194,"name":"daliuguang_6","x":125},{"frameHeight":828,"y":127,"frameWidth":1472,"frameX":-355,"width":3,"frameY":-400,"height":249,"name":"daliuguang_5","x":659},{"frameHeight":828,"y":127,"frameWidth":1472,"frameX":-297,"width":61,"frameY":-165,"height":235,"name":"daliuguang_2","x":591},{"frameHeight":828,"y":1,"frameWidth":1472,"frameX":-58,"width":132,"frameY":-165,"height":124,"name":"daliuguang_18","x":549},{"frameHeight":828,"y":196,"frameWidth":1472,"frameX":-58,"width":122,"frameY":-165,"height":176,"name":"daliuguang_17","x":1},{"frameHeight":828,"y":109,"frameWidth":1472,"frameX":-58,"width":201,"frameY":-574,"height":99,"name":"daliuguang_10","x":231},{"frameHeight":828,"y":305,"frameWidth":1472,"frameX":-58,"width":143,"frameY":-533,"height":140,"name":"daliuguang_11","x":189},{"frameHeight":828,"y":1,"frameWidth":1472,"frameX":-245,"width":113,"frameY":-165,"height":176,"name":"daliuguang_1","x":434},{"frameHeight":828,"y":485,"frameWidth":1472,"frameX":-95,"width":249,"frameY":-670,"height":3,"name":"daliuguang_9","x":1},{"frameHeight":828,"y":210,"frameWidth":1472,"frameX":-58,"width":73,"frameY":-165,"height":232,"name":"daliuguang_16","x":334},{"frameHeight":828,"y":1,"frameWidth":1472,"frameX":-58,"width":115,"frameY":-480,"height":193,"name":"daliuguang_12","x":1}],"width":1024,"imagePath":"bg_daliuguang_tex.png","height":512,"name":"bg_daliuguang"}