{"SubTexture":[{"frameHeight":828,"y":424,"frameWidth":1472,"frameX":-389,"width":148,"frameY":-363,"height":45,"name":"zhuajinhua_1","x":1},{"frameHeight":828,"y":189,"frameWidth":1472,"frameX":-389,"width":148,"frameY":-363,"height":45,"name":"zhuajinhua_5","x":1},{"frameHeight":828,"y":377,"frameWidth":1472,"frameX":-389,"width":148,"frameY":-363,"height":45,"name":"zhuajinhua_3","x":1},{"frameHeight":828,"y":1,"frameWidth":1472,"frameX":-389,"width":148,"frameY":-363,"height":45,"name":"zhuajinhua_7","x":1},{"frameHeight":828,"y":236,"frameWidth":1472,"frameX":-389,"width":148,"frameY":-363,"height":45,"name":"zhuajinhua_0","x":1},{"frameHeight":828,"y":95,"frameWidth":1472,"frameX":-389,"width":148,"frameY":-363,"height":45,"name":"zhuajinhua_8","x":1},{"frameHeight":828,"y":48,"frameWidth":1472,"frameX":-389,"width":148,"frameY":-363,"height":45,"name":"zhuajinhua_6","x":1},{"frameHeight":828,"y":330,"frameWidth":1472,"frameX":-389,"width":148,"frameY":-363,"height":45,"name":"zhuajinhua_2","x":1},{"frameHeight":828,"y":142,"frameWidth":1472,"frameX":-389,"width":148,"frameY":-363,"height":45,"name":"zhuajinhua_9","x":1},{"frameHeight":828,"y":283,"frameWidth":1472,"frameX":-389,"width":148,"frameY":-363,"height":45,"name":"zhuajinhua_4","x":1}],"width":256,"imagePath":"bg_zhajinhua_tex.png","height":512,"name":"bg_zhajinhua"}