{"armature":[{"ik":[],"slot":[{"displayIndex":5,"name":"sheetSlot","parent":"root","color":{}}],"type":"Sheet","name":"Sprite","bone":[{"transform":{},"name":"root"}],"aabb":{"width":1472,"y":-414,"height":828,"x":-736},"skin":[{"name":"","slot":[{"display":[{"path":"zhuajinhua_0","type":"image","name":"zhuajinhua_0","transform":{}},{"path":"zhuajinhua_1","type":"image","name":"zhuajinhua_1","transform":{}},{"path":"zhuajinhua_2","type":"image","name":"zhuajinhua_2","transform":{}},{"path":"zhuajinhua_3","type":"image","name":"zhuajinhua_3","transform":{}},{"path":"zhuajinhua_4","type":"image","name":"zhuajinhua_4","transform":{}},{"path":"zhuajinhua_5","type":"image","name":"zhuajinhua_5","transform":{}},{"path":"zhuajinhua_6","type":"image","name":"zhuajinhua_6","transform":{}},{"path":"zhuajinhua_7","type":"image","name":"zhuajinhua_7","transform":{}},{"path":"zhuajinhua_8","type":"image","name":"zhuajinhua_8","transform":{}},{"path":"zhuajinhua_9","type":"image","name":"zhuajinhua_9","transform":{}}],"name":"sheetSlot"}]}],"frameRate":10,"defaultActions":[{"gotoAndPlay":"Sprite"}],"animation":[{"ik":[],"playTimes":0,"frame":[],"ffd":[],"duration":10,"slot":[{"frame":[{"duration":1,"tweenEasing":null},{"duration":1,"displayIndex":1,"tweenEasing":null},{"duration":1,"displayIndex":2,"tweenEasing":null},{"duration":1,"displayIndex":3,"tweenEasing":null},{"duration":1,"displayIndex":4,"tweenEasing":null},{"duration":1,"displayIndex":5,"tweenEasing":null},{"duration":1,"displayIndex":6,"tweenEasing":null},{"duration":1,"displayIndex":7,"tweenEasing":null},{"duration":1,"displayIndex":8,"tweenEasing":null},{"duration":1,"displayIndex":9,"tweenEasing":null}],"name":"sheetSlot"}],"name":"Sprite","bone":[]}]}],"frameRate":24,"isGlobal":0,"name":"bg_zhajinhua","version":"5.0"}