{"SubTexture":[{"frameHeight":828,"y":142,"frameWidth":1472,"frameX":-675,"width":148,"frameY":-361,"height":45,"name":"baijiale_6","x":151},{"frameHeight":828,"y":142,"frameWidth":1472,"frameX":-675,"width":148,"frameY":-361,"height":45,"name":"baijiale_5","x":1},{"frameHeight":828,"y":48,"frameWidth":1472,"frameX":-675,"width":148,"frameY":-361,"height":45,"name":"baijiale_8","x":1},{"frameHeight":828,"y":95,"frameWidth":1472,"frameX":-675,"width":148,"frameY":-361,"height":45,"name":"baijiale_7","x":151},{"frameHeight":828,"y":95,"frameWidth":1472,"frameX":-675,"width":148,"frameY":-361,"height":45,"name":"baijiale_3","x":1},{"frameHeight":828,"y":1,"frameWidth":1472,"frameX":-675,"width":148,"frameY":-361,"height":45,"name":"baijiale_11","x":301},{"frameHeight":828,"y":48,"frameWidth":1472,"frameX":-675,"width":148,"frameY":-361,"height":45,"name":"baijiale_0","x":151},{"frameHeight":828,"y":48,"frameWidth":1472,"frameX":-675,"width":148,"frameY":-361,"height":45,"name":"baijiale_10","x":301},{"frameHeight":828,"y":142,"frameWidth":1472,"frameX":-675,"width":148,"frameY":-361,"height":45,"name":"baijiale_1","x":301},{"frameHeight":828,"y":1,"frameWidth":1472,"frameX":-675,"width":148,"frameY":-361,"height":45,"name":"baijiale_2","x":1},{"frameHeight":828,"y":95,"frameWidth":1472,"frameX":-675,"width":148,"frameY":-361,"height":45,"name":"baijiale_9","x":301},{"frameHeight":828,"y":1,"frameWidth":1472,"frameX":-675,"width":148,"frameY":-361,"height":45,"name":"baijiale_4","x":151}],"width":512,"imagePath":"bg_baijiale_tex.png","height":512,"name":"bg_baijiale"}