{"frameRate":24,"armature":[{"bone":[{"name":"root","transform":{}},{"length":193,"transform":{"y":69,"skX":89.1095,"skY":89.1095,"x":10},"parent":"root","name":"下半身"},{"length":204,"transform":{"y":22,"skX":-96.1853,"skY":-96.1853,"x":15},"parent":"root","name":"身体"},{"length":127,"transform":{"y":-80.0485,"skX":-166.1308,"skY":-166.1308,"x":198.7819},"parent":"身体","name":"左边手臂"},{"length":100,"transform":{"y":55.3165,"skX":146.0157,"skY":146.0157,"x":167.0122},"parent":"身体","name":"右边手臂"},{"length":91,"transform":{"y":-1.0676,"skX":22.6453,"skY":22.6453,"x":231.4624},"parent":"身体","name":"头"},{"transform":{"y":46.4659,"x":-34.7264},"name":"腰部呼吸灯","parent":"下半身"},{"length":84,"transform":{"y":-19.3765,"skX":-163.5213,"skY":-163.5213,"x":62.0528},"parent":"头","name":"左边头发2"},{"length":4,"transform":{"y":-65.4748,"skX":36.6701,"skY":36.6701,"x":9.8517},"parent":"头","name":"左边头发1"},{"length":73,"transform":{"y":22.319,"skX":158.0626,"skY":158.0626,"x":69.1583},"parent":"头","name":"右边头发"},{"length":21,"transform":{"y":28.9885,"skX":-166.3914,"skY":-166.3914,"x":14.8212},"parent":"头","name":"右边头发小"},{"length":62,"transform":{"y":-96.5792,"skX":-103.329,"skY":-103.329,"x":34.416},"parent":"右边手臂","name":"右边手"},{"transform":{"y":20.4881,"x":43.5917},"name":"眼睛","parent":"头"},{"length":197,"transform":{"y":5.4663,"skX":0.4873,"skY":0.4873,"x":138.9788},"parent":"左边手臂","name":"左边手"},{"length":47,"transform":{"y":1.7685,"skX":-51.1223,"skY":-51.1223,"x":26.1892},"parent":"右边手","name":"扑克"}],"type":"Armature","ik":[],"defaultActions":[{"gotoAndPlay":"newAnimation"}],"aabb":{"width":373,"y":-313,"height":588,"x":-157.49999999999997},"animation":[{"bone":[{"frame":[{"duration":69,"transform":{}}],"name":"root"},{"frame":[{"duration":69,"transform":{}}],"name":"下半身"},{"frame":[{"duration":69,"transform":{}}],"name":"身体"},{"frame":[{"duration":8,"transform":{}},{"tweenEasing":0,"duration":24,"transform":{}},{"tweenEasing":0,"duration":28,"transform":{"skX":3.3742,"skY":3.3742}},{"duration":9,"transform":{"skX":0.0008,"skY":0.0008}}],"name":"左边手臂"},{"frame":[{"tweenEasing":0,"duration":5,"transform":{}},{"tweenEasing":0,"duration":2,"transform":{"y":-1.4426,"x":-1.1582}},{"tweenEasing":0,"duration":12,"transform":{"y":-0.9299,"skX":0.0043,"skY":0.0043,"x":-0.4843}},{"tweenEasing":0,"duration":3,"transform":{"y":2.1464,"skX":-2.9521,"skY":-2.9521,"x":3.5591}},{"tweenEasing":0,"duration":12,"transform":{"y":1.7178,"skX":-3.6912,"skY":-3.6912,"x":2.8468}},{"duration":2,"transform":{"y":0.0035,"skX":-0.5236,"skY":-0.5236,"x":-0.0022}},{"duration":33,"transform":{"y":0.0035,"skX":0.0043,"skY":0.0043,"x":-0.0022}}],"name":"右边手臂"},{"frame":[{"duration":5,"transform":{}},{"tweenEasing":0,"duration":11,"transform":{}},{"tweenEasing":0,"duration":11,"transform":{"skX":3.562,"skY":3.562}},{"tweenEasing":0,"duration":9,"transform":{"skX":-2.1289,"skY":-2.1289}},{"duration":33,"transform":{"skX":0.0047,"skY":0.0047}}],"name":"头"},{"frame":[{"duration":69,"transform":{}}],"name":"腰部呼吸灯"},{"frame":[{"duration":5,"transform":{}},{"tweenEasing":0,"duration":15,"transform":{}},{"tweenEasing":0,"duration":10,"transform":{"skX":6.6485,"skY":6.6485}},{"duration":39,"transform":{"skX":0.0013,"skY":0.0013}}],"name":"左边头发2"},{"frame":[{"tweenEasing":0,"duration":11,"transform":{"skX":-6.0701,"skY":-6.0701}},{"tweenEasing":0,"duration":16,"transform":{}},{"duration":42,"transform":{"skX":-6.0668,"skY":-6.0668}}],"name":"左边头发1"},{"frame":[{"duration":5,"transform":{}},{"tweenEasing":0,"duration":15,"transform":{}},{"tweenEasing":0,"duration":14,"transform":{"skX":-5.7798,"skY":-5.7798}},{"duration":35,"transform":{"skX":-0.0026,"skY":-0.0026}}],"name":"右边头发"},{"frame":[{"duration":69,"transform":{}}],"name":"右边头发小"},{"frame":[{"duration":30,"transform":{}},{"tweenEasing":0,"duration":13,"transform":{}},{"tweenEasing":0,"duration":13,"transform":{"skX":-3.6849,"skY":-3.6849}},{"duration":13,"transform":{"skX":-0.001,"skY":-0.001}}],"name":"右边手"},{"frame":[{"duration":69,"transform":{}}],"name":"眼睛"},{"frame":[{"duration":24,"transform":{}},{"tweenEasing":0,"duration":22,"transform":{}},{"tweenEasing":0,"duration":23,"transform":{"skX":3.8213,"skY":3.8213}},{"duration":0,"transform":{"skX":0.0027,"skY":0.0027}}],"name":"左边手"},{"frame":[{"duration":1,"transform":{}},{"tweenEasing":0,"duration":23,"transform":{}},{"tweenEasing":0,"duration":18,"transform":{"skX":-11.7678,"skY":-11.7678}},{"tweenEasing":0,"duration":24,"transform":{"skX":8.9286,"skY":8.9286}},{"duration":3,"transform":{"skX":-0.3977,"skY":-0.3977}}],"name":"扑克"}],"frame":[],"playTimes":0,"slot":[{"frame":[{"tweenEasing":0,"duration":9,"color":{"aM":0}},{"tweenEasing":0,"duration":15,"color":{"aM":0}},{"tweenEasing":0,"duration":16,"color":{"aM":60}},{"tweenEasing":null,"duration":29,"color":{"aM":0}}],"name":"腰部呼吸灯"},{"frame":[{"tweenEasing":null,"duration":3},{"tweenEasing":null,"duration":17,"displayIndex":-1},{"tweenEasing":null,"duration":1},{"tweenEasing":null,"duration":48,"displayIndex":-1}],"name":"眼睛"}],"ik":[],"duration":69,"name":"newAnimation","ffd":[{"frame":[{"tweenEasing":0,"offset":0,"duration":22,"vertices":[]},{"tweenEasing":0,"offset":8,"duration":29,"vertices":[6.45,-8.35]},{"tweenEasing":null,"offset":8,"duration":18,"vertices":[-0.25,-0.05]}],"scale":1,"slot":"身体","offset":0,"name":"身体","skin":""}]}],"slot":[{"color":{},"name":"右边头发","parent":"右边头发"},{"z":1,"color":{},"name":"头","parent":"头"},{"z":2,"color":{},"name":"左边头发1","parent":"左边头发1"},{"z":3,"color":{},"name":"扑克","parent":"扑克"},{"z":4,"color":{},"name":"右边手","parent":"右边手"},{"z":5,"color":{},"name":"右边手臂","parent":"右边手臂"},{"z":6,"color":{},"name":"右边头发小","parent":"右边头发小"},{"z":7,"color":{},"name":"身体","parent":"身体"},{"z":8,"color":{},"name":"左边手臂","parent":"左边手臂"},{"z":9,"color":{},"name":"左边手","parent":"左边手"},{"z":10,"color":{},"name":"下半身","parent":"下半身"},{"blendMode":"add","z":11,"color":{},"name":"腰部呼吸灯","parent":"腰部呼吸灯"},{"z":12,"color":{},"name":"左边头发2","parent":"左边头发2"},{"z":13,"color":{},"name":"眼睛","parent":"眼睛"}],"frameRate":24,"name":"armatureName","skin":[{"name":"","slot":[{"display":[{"path":"腰部呼吸灯","type":"image","name":"腰部呼吸灯","transform":{"y":-2.9841,"skX":-89.1095,"skY":-89.1095,"x":1.0465}}],"blendMode":"add","name":"腰部呼吸灯"},{"display":[{"path":"下半身","type":"image","name":"下半身","transform":{"y":-14.8713,"skX":-89.1095,"skY":-89.1095,"x":72.7399}}],"name":"下半身"},{"display":[{"path":"右边手臂","type":"image","name":"右边手臂","transform":{"y":-16.0023,"skX":-49.8304,"skY":-49.8304,"x":50.8053}}],"name":"右边手臂"},{"display":[{"path":"右边手","type":"image","name":"右边手","transform":{"y":3.7941,"skX":53.4986,"skY":53.4986,"x":30.1762}}],"name":"右边手"},{"display":[{"path":"扑克","type":"image","name":"扑克","transform":{"y":13.9463,"skX":104.6209,"skY":104.6209,"x":23.7487}}],"name":"扑克"},{"display":[{"path":"右边头发","type":"image","name":"右边头发","transform":{"y":8.8907,"skX":-84.5226,"skY":-84.5226,"x":40.3355}}],"name":"右边头发"},{"display":[{"path":"左边头发1","type":"image","name":"左边头发1","transform":{"y":14.9,"skX":36.8699,"skY":36.8699,"x":15.7}}],"name":"左边头发1"},{"display":[{"path":"左边手","type":"image","name":"左边手","transform":{"y":-4.599,"skX":-98.1712,"skY":-98.1712,"x":102.3858}}],"name":"左边手"},{"display":[{"path":"头","type":"image","name":"头","transform":{"y":-8.4895,"skX":73.54,"skY":73.54,"x":42.8507}}],"name":"头"},{"display":[{"path":"左边手臂","type":"image","name":"左边手臂","transform":{"y":0.2792,"skX":-97.684,"skY":-97.684,"x":54.0224}}],"name":"左边手臂"},{"display":[{"path":"眼睛","type":"image","name":"眼睛","transform":{"y":-13.0666,"skX":73.54,"skY":73.54,"x":1.8744}}],"name":"眼睛"},{"display":[{"path":"左边头发2","type":"image","name":"左边头发2","transform":{"y":-5.8275,"skX":-122.9387,"skY":-122.9387,"x":42.0986}}],"name":"左边头发2"},{"display":[{"path":"右边头发小","type":"image","name":"右边头发小","transform":{"y":2.0497,"skX":-120.0686,"skY":-120.0686,"x":10.4307}}],"name":"右边头发小"},{"display":[{"width":161,"type":"mesh","vertices":[-80.5,-126.5,80.5,-126.5,-80.5,126.5,80.5,126.5,44.8,-15.7],"transform":{"y":9.0309,"skX":96.1853,"skY":96.1853,"x":111.1742},"height":253,"uvs":[0,0,1,0,0,1,1,1,0.77826,0.43794],"path":"身体","userEdges":[],"triangles":[0,4,1,4,2,3,1,4,3,0,2,4],"name":"身体","edges":[0,1,1,3,3,2,2,0]}],"name":"身体"}]}]}],"isGlobal":0,"name":"qznn_nvrenwu","version":"5.0"}