{"width":4096,"imagePath":"wzqp_tex.png","height":2048,"name":"wzqp","SubTexture":[{"width":352,"y":1,"height":756,"name":"liuguang5","x":1417},{"width":352,"y":759,"height":756,"name":"liuguang4","x":1},{"width":352,"y":759,"height":756,"name":"liuguang13","x":1063},{"width":352,"y":759,"height":756,"name":"liuguang8","x":1771},{"width":352,"y":1,"height":756,"name":"liuguang6","x":1063},{"width":352,"y":1,"height":756,"name":"liuguang11","x":2125},{"width":352,"y":759,"height":756,"name":"liuguang10","x":709},{"width":352,"y":1,"height":756,"name":"liuguang3","x":1771},{"width":352,"y":759,"height":756,"name":"liuguang15","x":355},{"width":352,"y":1,"height":756,"name":"liuguang9","x":355},{"y":1,"frameY":0,"frameWidth":352,"width":351,"frameX":-1,"frameHeight":756,"height":756,"name":"liuguang1","x":2479},{"width":352,"y":1,"height":756,"name":"liuguang2","x":1},{"width":352,"y":759,"height":756,"name":"liuguang7","x":2125},{"width":352,"y":1,"height":756,"name":"liuguang12","x":709},{"width":352,"y":759,"height":756,"name":"liuguang14","x":1417}]}