{"armature":[{"ik":[],"slot":[{"displayIndex":11,"name":"sheetSlot","parent":"root","color":{}}],"type":"Sheet","name":"Sprite","bone":[{"transform":{},"name":"root"}],"aabb":{"width":1472,"y":-414,"height":828,"x":-736},"skin":[{"name":"","slot":[{"display":[{"path":"qiangzhuangniuniu_11","type":"image","name":"qiangzhuangniuniu_11","transform":{}},{"path":"qiangzhuangniuniu_0","type":"image","name":"qiangzhuangniuniu_0","transform":{}},{"path":"qiangzhuangniuniu_1","type":"image","name":"qiangzhuangniuniu_1","transform":{}},{"path":"qiangzhuangniuniu_2","type":"image","name":"qiangzhuangniuniu_2","transform":{}},{"path":"qiangzhuangniuniu_3","type":"image","name":"qiangzhuangniuniu_3","transform":{}},{"path":"qiangzhuangniuniu_4","type":"image","name":"qiangzhuangniuniu_4","transform":{}},{"path":"qiangzhuangniuniu_5","type":"image","name":"qiangzhuangniuniu_5","transform":{}},{"path":"qiangzhuangniuniu_6","type":"image","name":"qiangzhuangniuniu_6","transform":{}},{"path":"qiangzhuangniuniu_7","type":"image","name":"qiangzhuangniuniu_7","transform":{}},{"path":"qiangzhuangniuniu_8","type":"image","name":"qiangzhuangniuniu_8","transform":{}},{"path":"qiangzhuangniuniu_9","type":"image","name":"qiangzhuangniuniu_9","transform":{}},{"path":"qiangzhuangniuniu_10","type":"image","name":"qiangzhuangniuniu_10","transform":{}}],"name":"sheetSlot"}]}],"frameRate":10,"defaultActions":[{"gotoAndPlay":"Sprite"}],"animation":[{"ik":[],"playTimes":0,"frame":[],"ffd":[],"duration":12,"slot":[{"frame":[{"duration":1,"tweenEasing":null},{"duration":1,"displayIndex":1,"tweenEasing":null},{"duration":1,"displayIndex":2,"tweenEasing":null},{"duration":1,"displayIndex":3,"tweenEasing":null},{"duration":1,"displayIndex":4,"tweenEasing":null},{"duration":1,"displayIndex":5,"tweenEasing":null},{"duration":1,"displayIndex":6,"tweenEasing":null},{"duration":1,"displayIndex":7,"tweenEasing":null},{"duration":1,"displayIndex":8,"tweenEasing":null},{"duration":1,"displayIndex":9,"tweenEasing":null},{"duration":1,"displayIndex":10,"tweenEasing":null},{"duration":1,"displayIndex":11,"tweenEasing":null}],"name":"sheetSlot"}],"name":"Sprite","bone":[]}]}],"frameRate":24,"isGlobal":0,"name":"bg_qiangzhuangniuniu","version":"5.0"}