{"SubTexture":[{"frameHeight":828,"y":226,"frameWidth":1472,"frameX":-672,"width":179,"frameY":-635,"height":43,"name":"tongbiniuniu_1","x":1},{"frameHeight":828,"y":361,"frameWidth":1472,"frameX":-672,"width":179,"frameY":-635,"height":43,"name":"tongbiniuniu_6","x":1},{"frameHeight":828,"y":316,"frameWidth":1472,"frameX":-672,"width":179,"frameY":-635,"height":43,"name":"tongbiniuniu_4","x":1},{"frameHeight":828,"y":136,"frameWidth":1472,"frameX":-672,"width":179,"frameY":-635,"height":43,"name":"tongbiniuniu_9","x":1},{"frameHeight":828,"y":181,"frameWidth":1472,"frameX":-672,"width":179,"frameY":-635,"height":43,"name":"tongbiniuniu_8","x":1},{"frameHeight":828,"y":46,"frameWidth":1472,"frameX":-672,"width":179,"frameY":-635,"height":43,"name":"tongbiniuniu_2","x":1},{"frameHeight":828,"y":91,"frameWidth":1472,"frameX":-672,"width":179,"frameY":-635,"height":43,"name":"tongbiniuniu_10","x":1},{"frameHeight":828,"y":271,"frameWidth":1472,"frameX":-672,"width":179,"frameY":-635,"height":43,"name":"tongbiniuniu_7","x":1},{"frameHeight":828,"y":451,"frameWidth":1472,"frameX":-672,"width":179,"frameY":-635,"height":43,"name":"tongbiniuniu_5","x":1},{"frameHeight":828,"y":1,"frameWidth":1472,"frameX":-672,"width":179,"frameY":-635,"height":43,"name":"tongbiniuniu_3","x":1},{"frameHeight":828,"y":406,"frameWidth":1472,"frameX":-672,"width":179,"frameY":-635,"height":43,"name":"tongbiniuniu_0","x":1}],"width":256,"imagePath":"bg_tongbiniuniu_tex.png","height":512,"name":"bg_tongbiniuniu"}