{"armature":[{"slot":[{"name":"bairenniuniu","parent":"bairenniuniu","color":{}}],"type":"Armature","name":"armatureName","bone":[{"transform":{},"name":"root"},{"length":170,"transform":{"y":206.1,"skX":-76.5927,"skY":-76.5927,"x":-204.95},"parent":"root","name":"bairenniuniu"}],"skin":[{"name":"","slot":[{"display":[{"userEdges":[],"edges":[0,1,1,3,3,2,2,0],"type":"mesh","vertices":[-141.5,-130.5,141.5,-130.5,-141.5,130.5,141.5,130.5,41.4,45.05,-21.1,42.85,112.6,12.2,53.45,4.5,53.45,-52.5,44.65,-119.35,-104.4,7.8,-125.2,64.8,-64.95,64.8,-20,75.75,35.9,80.15,87.4,88.9,124.7,82.35],"transform":{"y":-29.828,"skX":76.5927,"skY":76.5927,"x":62.3839},"uvs":[0,0,1,0,0,1,1,1,0.64629,0.67261,0.42544,0.66418,0.89788,0.54674,0.68887,0.51724,0.68887,0.29885,0.65777,0.04272,0.1311,0.52989,0.0576,0.74828,0.27049,0.74828,0.42933,0.79023,0.62686,0.80709,0.80883,0.84061,0.94064,0.81552],"path":"bairenniuniu","triangles":[13,2,14,0,9,1,8,6,1,9,8,1,6,16,1,15,14,3,14,2,3,16,15,3,1,16,3,4,15,6,8,7,6,6,15,16,7,4,6,4,14,15,5,4,7,9,10,8,10,5,8,5,7,8,0,10,9,5,13,14,5,14,4,10,12,5,5,12,13,12,2,13,10,11,12,11,2,12,0,11,10,0,2,11],"height":261,"name":"bairenniuniu","width":283}],"name":"bairenniuniu"}]}],"ik":[],"aabb":{"width":283,"y":8.00001607477617,"height":261,"x":-361.0000081278149},"animation":[{"ik":[],"playTimes":0,"frame":[],"ffd":[{"frame":[{"duration":18,"offset":0,"vertices":[],"tweenEasing":0},{"duration":26,"offset":8,"vertices":[2.1,-2.8,-1.4,-2.1,0.7,0,0,-2.85,0,-1.4,0,-1.4,0,-2.05,0,0,0,0,0,0,0,0,0,0,0,0],"tweenEasing":0},{"duration":0,"offset":0,"vertices":[],"tweenEasing":null}],"slot":"bairenniuniu","scale":1,"offset":0,"name":"bairenniuniu","skin":""}],"duration":44,"slot":[],"name":"newAnimation","bone":[{"frame":[{"duration":44,"transform":{}}],"name":"root"},{"frame":[{"duration":44,"transform":{}}],"name":"bairenniuniu"}]}],"frameRate":24,"defaultActions":[{"gotoAndPlay":"newAnimation"}]}],"frameRate":24,"name":"brnn_rukou","version":"5.0","isGlobal":0}