{"SubTexture":[{"frameHeight":828,"y":397,"frameWidth":1472,"frameX":-389,"width":176,"frameY":-631,"height":42,"name":"bairenniuniu_3","x":1},{"frameHeight":828,"y":265,"frameWidth":1472,"frameX":-389,"width":176,"frameY":-631,"height":42,"name":"bairenniuniu_9","x":1},{"frameHeight":828,"y":309,"frameWidth":1472,"frameX":-389,"width":176,"frameY":-631,"height":42,"name":"bairenniuniu_1","x":1},{"frameHeight":828,"y":177,"frameWidth":1472,"frameX":-389,"width":176,"frameY":-631,"height":42,"name":"bairenniuniu_7","x":1},{"frameHeight":828,"y":1,"frameWidth":1472,"frameX":-389,"width":176,"frameY":-631,"height":42,"name":"bairenniuniu_8","x":1},{"frameHeight":828,"y":45,"frameWidth":1472,"frameX":-389,"width":176,"frameY":-631,"height":42,"name":"bairenniuniu_0","x":1},{"frameHeight":828,"y":221,"frameWidth":1472,"frameX":-389,"width":176,"frameY":-631,"height":42,"name":"bairenniuniu_4","x":1},{"frameHeight":828,"y":441,"frameWidth":1472,"frameX":-389,"width":176,"frameY":-631,"height":42,"name":"bairenniuniu_5","x":1},{"frameHeight":828,"y":353,"frameWidth":1472,"frameX":-389,"width":176,"frameY":-631,"height":42,"name":"bairenniuniu_6","x":1},{"frameHeight":828,"y":89,"frameWidth":1472,"frameX":-389,"width":176,"frameY":-631,"height":42,"name":"bairenniuniu_10","x":1},{"frameHeight":828,"y":133,"frameWidth":1472,"frameX":-389,"width":176,"frameY":-631,"height":42,"name":"bairenniuniu_2","x":1}],"width":256,"imagePath":"bg_bairenniuniu_tex.png","height":512,"name":"bg_bairenniuniu"}