{"mc":{"nn_myCardType10":{"frameRate":24,"labels":[{"name":"nn_myCardType10","frame":1,"end":27}],"events":[],"frames":[{"res":"nn_myCardType10_1","x":-72,"y":-108},{"res":"nn_myCardType10_2","x":-73,"y":-108},{"res":"nn_myCardType10_3","x":-74,"y":-110},{"res":"nn_myCardType10_4","x":-98,"y":-110},{"res":"nn_myCardType10_5","x":-122,"y":-112},{"res":"nn_myCardType10_6","x":-128,"y":-143},{"res":"nn_myCardType10_7","x":-128,"y":-143},{"res":"nn_myCardType10_8","x":-128,"y":-143},{"res":"nn_myCardType10_9","x":-128,"y":-143},{"res":"nn_myCardType10_10","x":-128,"y":-143},{"res":"nn_myCardType10_11","x":-128,"y":-143},{"res":"nn_myCardType10_12","x":-128,"y":-143},{"res":"nn_myCardType10_13","x":-128,"y":-143},{"res":"nn_myCardType10_14","x":-128,"y":-143},{"res":"nn_myCardType10_15","x":-128,"y":-143},{"res":"nn_myCardType10_16","x":-128,"y":-143},{"res":"nn_myCardType10_17","x":-128,"y":-143},{"res":"nn_myCardType10_18","x":-128,"y":-143},{"res":"nn_myCardType10_19","x":-128,"y":-143},{"res":"nn_myCardType10_20","x":-128,"y":-143},{"res":"nn_myCardType10_21","x":-128,"y":-143},{"res":"nn_myCardType10_22","x":-128,"y":-143},{"res":"nn_myCardType10_23","x":-128,"y":-143},{"res":"nn_myCardType10_24","x":-128,"y":-143},{"res":"nn_myCardType10_25","x":-128,"y":-143},{"res":"nn_myCardType10_26","x":-128,"y":-143},{"res":"nn_myCardType10_27","x":-128,"y":-143}]}},"res":{"nn_myCardType10_9":{"x":517,"y":571,"w":256,"h":283},"nn_myCardType10_2":{"x":1807,"y":441,"w":152,"h":215},"nn_myCardType10_13":{"x":259,"y":571,"w":256,"h":283},"nn_myCardType10_3":{"x":1807,"y":222,"w":154,"h":217},"nn_myCardType10_5":{"x":259,"y":856,"w":250,"h":231},"nn_myCardType10_16":{"x":1291,"y":286,"w":256,"h":283},"nn_myCardType10_23":{"x":1291,"y":1,"w":256,"h":283},"nn_myCardType10_4":{"x":1807,"y":1,"w":206,"h":219},"nn_myCardType10_27":{"x":1033,"y":571,"w":256,"h":283},"nn_myCardType10_14":{"x":259,"y":1,"w":256,"h":283},"nn_myCardType10_24":{"x":1,"y":286,"w":256,"h":283},"nn_myCardType10_17":{"x":1291,"y":571,"w":256,"h":283},"nn_myCardType10_10":{"x":517,"y":1,"w":256,"h":283},"nn_myCardType10_12":{"x":1549,"y":286,"w":256,"h":283},"nn_myCardType10_8":{"x":1,"y":1,"w":256,"h":283},"nn_myCardType10_15":{"x":1549,"y":571,"w":256,"h":283},"nn_myCardType10_1":{"x":1807,"y":658,"w":150,"h":215},"nn_myCardType10_7":{"x":517,"y":286,"w":256,"h":283},"nn_myCardType10_21":{"x":1033,"y":286,"w":256,"h":283},"nn_myCardType10_6":{"x":1,"y":571,"w":256,"h":283},"nn_myCardType10_26":{"x":775,"y":571,"w":256,"h":283},"nn_myCardType10_11":{"x":775,"y":286,"w":256,"h":283},"nn_myCardType10_18":{"x":775,"y":1,"w":256,"h":283},"nn_myCardType10_19":{"x":1033,"y":1,"w":256,"h":283},"nn_myCardType10_25":{"x":259,"y":286,"w":256,"h":283},"nn_myCardType10_22":{"x":1549,"y":1,"w":256,"h":283},"nn_myCardType10_20":{"x":1,"y":856,"w":256,"h":283}}}