{"file":"hall.png","frames":{"lottery.btncharge":{"x":0,"y":1043,"w":246,"h":75,"offX":0,"offY":0,"sourceW":246,"sourceH":75},"hd.hot":{"x":1431,"y":938,"w":68,"h":34,"offX":0,"offY":0,"sourceW":68,"sourceH":34},"lottery.wrapcircle_bg2":{"x":532,"y":0,"w":530,"h":530,"offX":0,"offY":0,"sourceW":530,"sourceH":530},"c.itembg":{"x":0,"y":532,"w":540,"h":125,"offX":0,"offY":0,"sourceW":540,"sourceH":125},"btnShop":{"x":2005,"y":1069,"w":35,"h":56,"offX":0,"offY":0,"sourceW":35,"sourceH":56},"btnTeHui":{"x":1836,"y":866,"w":107,"h":87,"offX":0,"offY":0,"sourceW":107,"sourceH":87},"light":{"x":489,"y":924,"w":245,"h":148,"offX":0,"offY":0,"sourceW":245,"sourceH":148},"sign.day3":{"x":42,"y":1140,"w":61,"h":18,"offX":0,"offY":0,"sourceW":61,"sourceH":18},"sign.btnup":{"x":848,"y":532,"w":214,"h":74,"offX":0,"offY":0,"sourceW":214,"sourceH":74},"lottery.lottery":{"x":1064,"y":0,"w":460,"h":459,"offX":0,"offY":0,"sourceW":460,"sourceH":459},"btnJinSha":{"x":306,"y":728,"w":304,"h":194,"offX":0,"offY":0,"sourceW":304,"sourceH":194},"btnYao":{"x":1449,"y":1093,"w":60,"h":89,"offX":0,"offY":0,"sourceW":60,"sourceH":89},"pk":{"x":0,"y":659,"w":304,"h":194,"offX":0,"offY":0,"sourceW":304,"sourceH":194},"c.btnchakan":{"x":248,"y":1109,"w":109,"h":35,"offX":0,"offY":1,"sourceW":109,"sourceH":36},"lottery.title":{"x":1603,"y":1093,"w":87,"h":47,"offX":0,"offY":0,"sourceW":87,"sourceH":47},"c.male":{"x":2016,"y":285,"w":23,"h":26,"offX":0,"offY":0,"sourceW":23,"sourceH":26},"vipbg":{"x":315,"y":1043,"w":57,"h":24,"offX":0,"offY":0,"sourceW":57,"sourceH":24},"sign.day6":{"x":42,"y":1120,"w":61,"h":18,"offX":0,"offY":0,"sourceW":61,"sourceH":18},"imgvip1":{"x":248,"y":1043,"w":65,"h":27,"offX":0,"offY":0,"sourceW":65,"sourceH":27},"c.btnsure":{"x":984,"y":1016,"w":246,"h":75,"offX":0,"offY":0,"sourceW":246,"sourceH":75},"btnKeFu":{"x":1728,"y":1069,"w":90,"h":98,"offX":0,"offY":0,"sourceW":90,"sourceH":98},"gain_panel":{"x":1064,"y":461,"w":640,"h":279,"offX":0,"offY":0,"sourceW":640,"sourceH":279},"hd.btnrue":{"x":1480,"y":1016,"w":246,"h":75,"offX":0,"offY":0,"sourceW":246,"sourceH":75},"sign.day1":{"x":584,"y":1109,"w":61,"h":18,"offX":0,"offY":0,"sourceW":61,"sourceH":18},"headbg":{"x":1098,"y":1093,"w":85,"h":85,"offX":0,"offY":0,"sourceW":85,"sourceH":85},"btnYue":{"x":1380,"y":1093,"w":67,"h":80,"offX":0,"offY":0,"sourceW":67,"sourceH":80},"btnTask":{"x":1317,"y":1093,"w":61,"h":92,"offX":0,"offY":0,"sourceW":61,"sourceH":92},"btnChong":{"x":2016,"y":254,"w":28,"h":29,"offX":0,"offY":0,"sourceW":28,"sourceH":29},"sign.itembg":{"x":1832,"y":216,"w":182,"h":158,"offX":0,"offY":0,"sourceW":182,"sourceH":158},"sign.day4":{"x":374,"y":1043,"w":61,"h":18,"offX":0,"offY":0,"sourceW":61,"sourceH":18},"sign.coins0":{"x":1903,"y":1069,"w":100,"h":73,"offX":0,"offY":0,"sourceW":100,"sourceH":73},"btnJinHua":{"x":542,"y":532,"w":304,"h":194,"offX":0,"offY":0,"sourceW":304,"sourceH":194},"btnBenchi":{"x":1706,"y":393,"w":304,"h":194,"offX":0,"offY":0,"sourceW":304,"sourceH":194},"btnHuoDong":{"x":2002,"y":63,"w":36,"h":61,"offX":0,"offY":0,"sourceW":36,"sourceH":61},"btnJiangLiang":{"x":2002,"y":126,"w":34,"h":60,"offX":0,"offY":0,"sourceW":34,"sourceH":60},"hd.new":{"x":514,"y":1109,"w":68,"h":34,"offX":0,"offY":0,"sourceW":68,"sourceH":34},"c.btnclose2":{"x":1511,"y":1093,"w":90,"h":49,"offX":0,"offY":0,"sourceW":90,"sourceH":49},"btnDdz":{"x":1526,"y":197,"w":304,"h":194,"offX":0,"offY":0,"sourceW":304,"sourceH":194},"fc.title":{"x":1526,"y":393,"w":167,"h":47,"offX":0,"offY":0,"sourceW":167,"sourceH":47},"btnJiang":{"x":2012,"y":376,"w":34,"h":60,"offX":0,"offY":0,"sourceW":34,"sourceH":60},"btnDa":{"x":1185,"y":1093,"w":65,"h":98,"offX":0,"offY":0,"sourceW":65,"sourceH":98},"btnShiSanshui":{"x":1224,"y":742,"w":304,"h":194,"offX":0,"offY":0,"sourceW":304,"sourceH":194},"lottery.current":{"x":1832,"y":0,"w":168,"h":214,"offX":0,"offY":2,"sourceW":168,"sourceH":220},"btnShopLiang":{"x":496,"y":659,"w":35,"h":56,"offX":0,"offY":0,"sourceW":35,"sourceH":56},"btnJingCaiHuanle":{"x":918,"y":742,"w":304,"h":194,"offX":0,"offY":0,"sourceW":304,"sourceH":194},"c.labbg0":{"x":848,"y":689,"w":132,"h":36,"offX":0,"offY":0,"sourceW":132,"sourceH":36},"hall.helptips":{"x":0,"y":924,"w":487,"h":117,"offX":0,"offY":0,"sourceW":487,"sourceH":117},"sign.day2":{"x":105,"y":1120,"w":61,"h":18,"offX":0,"offY":0,"sourceW":61,"sourceH":18},"sign.coinbar":{"x":248,"y":1074,"w":423,"h":33,"offX":0,"offY":0,"sourceW":423,"sourceH":33},"c.btncharge":{"x":359,"y":1109,"w":101,"h":33,"offX":0,"offY":0,"sourceW":101,"sourceH":33},"btnNiuNiu":{"x":1526,"y":0,"w":304,"h":195,"offX":0,"offY":0,"sourceW":304,"sourceH":195},"sign.line":{"x":514,"y":1145,"w":534,"h":2,"offX":0,"offY":0,"sourceW":534,"sourceH":2},"btnRank":{"x":1806,"y":980,"w":223,"h":87,"offX":0,"offY":0,"sourceW":223,"sourceH":87},"hd.btnturn":{"x":1232,"y":1016,"w":246,"h":75,"offX":0,"offY":0,"sourceW":246,"sourceH":75},"sign.day7":{"x":1836,"y":955,"w":61,"h":18,"offX":0,"offY":0,"sourceW":61,"sourceH":18},"sign.title":{"x":306,"y":659,"w":188,"h":53,"offX":0,"offY":0,"sourceW":188,"sourceH":53},"c.female":{"x":2016,"y":313,"w":21,"h":28,"offX":0,"offY":0,"sourceW":21,"sourceH":28},"btnEmail":{"x":1252,"y":1093,"w":63,"h":90,"offX":0,"offY":0,"sourceW":63,"sourceH":90},"lottery.wrapcircle_bg":{"x":0,"y":0,"w":530,"h":530,"offX":0,"offY":0,"sourceW":530,"sourceH":530},"sign.nextvip":{"x":1526,"y":442,"w":124,"h":17,"offX":0,"offY":0,"sourceW":124,"sourceH":17},"liang2":{"x":0,"y":1120,"w":40,"h":43,"offX":0,"offY":1,"sourceW":40,"sourceH":45},"btnSetLiang":{"x":2012,"y":499,"w":34,"h":59,"offX":0,"offY":0,"sourceW":34,"sourceH":59},"sign.btnget":{"x":1836,"y":785,"w":181,"h":79,"offX":0,"offY":0,"sourceW":181,"sourceH":79},"sign.btnget2":{"x":848,"y":608,"w":181,"h":79,"offX":0,"offY":0,"sourceW":181,"sourceH":79},"say.txtbg":{"x":736,"y":938,"w":426,"h":72,"offX":0,"offY":0,"sourceW":426,"sourceH":72},"c.yuan":{"x":2016,"y":222,"w":30,"h":30,"offX":0,"offY":0,"sourceW":30,"sourceH":30},"blackjack":{"x":612,"y":728,"w":304,"h":194,"offX":0,"offY":0,"sourceW":304,"sourceH":194},"btnFreeGold":{"x":1945,"y":866,"w":90,"h":101,"offX":0,"offY":0,"sourceW":90,"sourceH":101},"hall.goldbg":{"x":1164,"y":938,"w":265,"h":28,"offX":0,"offY":0,"sourceW":265,"sourceH":28},"sign.coins1":{"x":191,"y":855,"w":113,"h":64,"offX":0,"offY":0,"sourceW":113,"sourceH":64},"c.btnclose3":{"x":736,"y":1012,"w":246,"h":75,"offX":0,"offY":0,"sourceW":246,"sourceH":75},"btnXiaoChou":{"x":1530,"y":785,"w":304,"h":193,"offX":0,"offY":1,"sourceW":304,"sourceH":194},"btnMoney":{"x":1820,"y":1069,"w":81,"h":94,"offX":0,"offY":0,"sourceW":81,"sourceH":94},"hd.title":{"x":0,"y":855,"w":189,"h":52,"offX":0,"offY":0,"sourceW":189,"sourceH":52},"btnSet":{"x":2012,"y":438,"w":34,"h":59,"offX":0,"offY":0,"sourceW":34,"sourceH":59},"sign.day5":{"x":168,"y":1120,"w":61,"h":18,"offX":0,"offY":0,"sourceW":61,"sourceH":18},"btnShuiGuo":{"x":1706,"y":589,"w":304,"h":194,"offX":0,"offY":0,"sourceW":304,"sourceH":194},"btnHuoDongLiang":{"x":2002,"y":0,"w":36,"h":61,"offX":0,"offY":0,"sourceW":36,"sourceH":61},"zhuan":{"x":462,"y":1109,"w":50,"h":50,"offX":0,"offY":0,"sourceW":50,"sourceH":50},"sign.coinbg":{"x":673,"y":1093,"w":423,"h":33,"offX":0,"offY":0,"sourceW":423,"sourceH":33},"liang1":{"x":1728,"y":1016,"w":55,"h":51,"offX":1,"offY":1,"sourceW":57,"sourceH":53},"c.labbg1":{"x":1530,"y":742,"w":132,"h":36,"offX":0,"offY":0,"sourceW":132,"sourceH":36},"sign.has":{"x":982,"y":689,"w":79,"h":37,"offX":0,"offY":0,"sourceW":79,"sourceH":37},"gonggao.bgg":{"x":1164,"y":980,"w":640,"h":34,"offX":0,"offY":0,"sourceW":640,"sourceH":34},"c.btnclose":{"x":2016,"y":188,"w":30,"h":32,"offX":0,"offY":0,"sourceW":30,"sourceH":32}}}