{"mc":{"pinpaicuowu":{"frameRate":24,"labels":[{"name":"pinpaicuowu","frame":1,"end":12}],"events":[],"frames":[{"res":"pinpaicuowu_1","x":-62,"y":-66},{"res":"pinpaicuowu_2","x":-62,"y":-65},{"res":"pinpaicuowu_3","x":-62,"y":-66},{"res":"pinpaicuowu_4","x":-62,"y":-66},{"res":"pinpaicuowu_5","x":-62,"y":-66},{"res":"pinpaicuowu_6","x":-62,"y":-65},{"res":"pinpaicuowu_7","x":-62,"y":-66},{"res":"pinpaicuowu_8","x":-62,"y":-66},{"res":"pinpaicuowu_9","x":-62,"y":-66},{"res":"pinpaicuowu_10","x":-62,"y":-65},{"res":"pinpaicuowu_11","x":-62,"y":-66},{"res":"pinpaicuowu_12","x":-62,"y":-65}]}},"res":{"pinpaicuowu_1":{"x":1,"y":1,"w":128,"h":116},"pinpaicuowu_6":{"x":131,"y":352,"w":128,"h":114},"pinpaicuowu_11":{"x":1,"y":119,"w":128,"h":115},"pinpaicuowu_3":{"x":131,"y":118,"w":128,"h":115},"pinpaicuowu_2":{"x":261,"y":352,"w":128,"h":114},"pinpaicuowu_8":{"x":261,"y":118,"w":128,"h":115},"pinpaicuowu_7":{"x":131,"y":1,"w":128,"h":115},"pinpaicuowu_4":{"x":131,"y":235,"w":128,"h":115},"pinpaicuowu_9":{"x":261,"y":1,"w":128,"h":115},"pinpaicuowu_5":{"x":261,"y":235,"w":128,"h":115},"pinpaicuowu_10":{"x":1,"y":352,"w":128,"h":114},"pinpaicuowu_12":{"x":1,"y":236,"w":128,"h":114}}}