{"armature":[{"ik":[],"slot":[{"name":"图层_21","parent":"root","color":{}}],"type":"Armature","name":"Armature","bone":[{"transform":{},"name":"root"}],"aabb":{"width":53,"y":-96,"height":91,"x":-26.907133292788643},"skin":[{"name":"","slot":[{"display":[{"userEdges":[],"width":53,"triangles":[9,12,10,14,2,3,10,12,13,12,14,13,14,3,13,9,10,7,6,9,7,1,4,7,4,6,7,0,5,6,5,8,6,0,6,4,6,8,9,11,12,9,8,11,9,12,11,14,11,2,14],"type":"mesh","vertices":[-26.5,-46,26.5,-46,-26.5,46,26.5,46,0.65,-46,-26.5,-31.85,-0.55,-31.2,26.5,-31,-26.5,-17.95,-0.3,-16.9,26.5,-16.05,-26.5,-1.1,-0.95,0.6,26.5,1.45,0.55,20.9],"transform":{"y":-50.5,"x":-0.4071},"path":"图层_1","uvs":[0,-0.00549,1,-0.00549,0,1.00549,1,1.00549,0.51226,-0.00549,0,0.15,0.48962,0.15714,1,0.15934,0,0.30275,0.49434,0.31428,1,0.32362,0,0.48791,0.48208,0.50659,1,0.51593,0.51038,0.72967],"height":91,"name":"图层_2","edges":[3,2,0,4,4,1,5,0,1,7,8,5,7,10,2,11,11,8,10,13,13,3]}],"name":"图层_21"}]}],"frameRate":24,"defaultActions":[{"gotoAndPlay":"newAnimation"}],"animation":[{"ik":[],"playTimes":0,"frame":[],"ffd":[{"frame":[{"duration":10,"offset":0,"vertices":[],"tweenEasing":0},{"duration":12,"offset":4,"vertices":[-2.05,0,-5.05,0,0,0,0,0,0,0,0,0,-0.8,0,-2.8,0,-2.6,0,-2.2,0,-2.5,0,-3.15,0,-1.4,0],"tweenEasing":0},{"duration":11,"offset":4,"vertices":[-6.2,-0.4,-10.7,0,0,0,-0.05,0,-1.4,0,-1.4,0,-1.4,0,-3.8,0,-3.6,0,-3.6,0.1,-6.5,0,-6,0,-11.5,0],"tweenEasing":0},{"duration":5,"offset":4,"vertices":[7.7,0,3.7,0,0,0,0,0,0,0,0,0,0,0,0,0,0,0,2.4,0,2.15,0,0.05,0,2,0],"tweenEasing":0},{"duration":0,"offset":0,"vertices":[],"tweenEasing":null}],"slot":"图层_21","skin":"","scale":1,"offset":0,"name":"图层_2"}],"duration":38,"slot":[],"name":"newAnimation","bone":[{"frame":[{"duration":38,"transform":{}}],"name":"root"}]}]}],"frameRate":24,"isGlobal":0,"name":"bg_xin","version":"5.0"}