{"file":"loding.png","frames":{"bar_1":{"x":1,"y":1225,"w":524,"h":12,"offX":0,"offY":0,"sourceW":524,"sourceH":12},"gamehall_logo_tex16":{"x":910,"y":362,"w":104,"h":78,"offX":0,"offY":0,"sourceW":104,"sourceH":78},"gamehall_logo_tex5":{"x":910,"y":519,"w":73,"h":66,"offX":0,"offY":0,"sourceW":73,"sourceH":66},"tipsBg":{"x":519,"y":971,"w":369,"h":48,"offX":0,"offY":0,"sourceW":369,"sourceH":48},"gamehall_logo_tex2":{"x":519,"y":713,"w":429,"h":256,"offX":0,"offY":0,"sourceW":429,"sourceH":256},"gamehall_logo_tex14":{"x":868,"y":1,"w":129,"h":141,"offX":0,"offY":0,"sourceW":129,"sourceH":141},"gamehall_logo_tex3":{"x":910,"y":144,"w":113,"h":127,"offX":0,"offY":0,"sourceW":113,"sourceH":127},"gamehall_logo_tex9":{"x":681,"y":1,"w":185,"h":162,"offX":0,"offY":0,"sourceW":185,"sourceH":162},"gamehall_logo_tex17":{"x":912,"y":587,"w":50,"h":42,"offX":0,"offY":0,"sourceW":50,"sourceH":42},"gamehall_logo_tex4":{"x":743,"y":480,"w":94,"h":57,"offX":0,"offY":0,"sourceW":94,"sourceH":57},"bar_0":{"x":1,"y":1207,"w":522,"h":16,"offX":0,"offY":0,"sourceW":522,"sourceH":16},"gamehall_logo_tex20":{"x":809,"y":383,"w":29,"h":29,"offX":0,"offY":0,"sourceW":29,"sourceH":29},"gamehall_logo_tex8":{"x":1,"y":713,"w":516,"h":492,"offX":0,"offY":0,"sourceW":516,"sourceH":492},"gamehall_logo_tex6":{"x":681,"y":539,"w":61,"h":66,"offX":0,"offY":0,"sourceW":61,"sourceH":66},"gamehall_slogan":{"x":519,"y":1021,"w":456,"h":27,"offX":0,"offY":0,"sourceW":456,"sourceH":27},"gamehall_logo_tex7":{"x":910,"y":442,"w":73,"h":75,"offX":0,"offY":0,"sourceW":73,"sourceH":75},"gamehall_logo_tex11":{"x":743,"y":415,"w":90,"h":63,"offX":0,"offY":0,"sourceW":90,"sourceH":63},"gamehall_logo_tex19":{"x":809,"y":327,"w":52,"h":54,"offX":0,"offY":0,"sourceW":52,"sourceH":54},"wgwz":{"x":868,"y":144,"w":40,"h":410,"offX":0,"offY":0,"sourceW":40,"sourceH":410},"spinner":{"x":681,"y":165,"w":160,"h":160,"offX":0,"offY":0,"sourceW":160,"sourceH":160},"gamehall_logo_tex13":{"x":807,"y":539,"w":46,"h":56,"offX":0,"offY":0,"sourceW":46,"sourceH":56},"gamehall_logo_tex12":{"x":744,"y":539,"w":61,"h":64,"offX":0,"offY":0,"sourceW":61,"sourceH":64},"gamehall_logo_tex15":{"x":681,"y":415,"w":60,"h":114,"offX":0,"offY":0,"sourceW":60,"sourceH":114},"gamehall_logo_tex1":{"x":910,"y":273,"w":98,"h":87,"offX":0,"offY":0,"sourceW":98,"sourceH":87},"gamehall_logo_tex10":{"x":681,"y":327,"w":126,"h":86,"offX":0,"offY":0,"sourceW":126,"sourceH":86},"gamehall_logo_tex18":{"x":855,"y":587,"w":55,"h":44,"offX":0,"offY":0,"sourceW":55,"sourceH":44},"gamehall_logo_tex21":{"x":1,"y":1,"w":678,"h":710,"offX":0,"offY":0,"sourceW":678,"sourceH":710}}}