{"file":"baccarat_hall.png","frames":{"baccarat_hall_title1_0":{"x":1665,"y":488,"w":119,"h":45,"offX":7,"offY":7,"sourceW":133,"sourceH":56},"baccarat_hall_title1_1":{"x":1216,"y":403,"w":127,"h":55,"offX":3,"offY":1,"sourceW":133,"sourceH":56},"baccarat_hall_title2_0":{"x":1536,"y":516,"w":119,"h":44,"offX":8,"offY":7,"sourceW":133,"sourceH":56},"baccarat_hall_title2_1":{"x":1216,"y":460,"w":127,"h":54,"offX":4,"offY":1,"sourceW":133,"sourceH":56},"baccarat_hall_title3_0":{"x":1216,"y":516,"w":119,"h":44,"offX":8,"offY":7,"sourceW":133,"sourceH":56},"baccarat_hall_title3_1":{"x":1536,"y":460,"w":127,"h":54,"offX":4,"offY":1,"sourceW":133,"sourceH":56},"baccarat_hall_title4_0":{"x":1856,"y":484,"w":125,"h":45,"offX":3,"offY":7,"sourceW":133,"sourceH":56},"baccarat_hall_title4_1":{"x":1536,"y":402,"w":132,"h":56,"offX":0,"offY":0,"sourceW":133,"sourceH":56},"baccarat_game_bg_lu":{"x":1216,"y":1,"w":736,"h":121,"offX":0,"offY":0,"sourceW":736,"sourceH":121},"baccarat_hall_icon_hong":{"x":1954,"y":21,"w":16,"h":16,"offX":0,"offY":0,"sourceW":16,"sourceH":16},"baccarat_hall_icon_hong2":{"x":2030,"y":19,"w":16,"h":16,"offX":0,"offY":0,"sourceW":16,"sourceH":16},"baccarat_hall_icon_lan":{"x":2030,"y":1,"w":16,"h":16,"offX":0,"offY":0,"sourceW":16,"sourceH":16},"baccarat_hall_icon_lan2":{"x":1972,"y":21,"w":16,"h":16,"offX":0,"offY":0,"sourceW":16,"sourceH":16},"baccarat_hall_list_bg":{"x":1,"y":1,"w":856,"h":571,"offX":0,"offY":0,"sourceW":856,"sourceH":571},"baccarat_hall_list_choosed_1":{"x":1216,"y":124,"w":191,"h":155,"offX":0,"offY":0,"sourceW":191,"sourceH":155},"baccarat_hall_list_choosed_2":{"x":1602,"y":124,"w":191,"h":155,"offX":0,"offY":0,"sourceW":191,"sourceH":155},"baccarat_hall_list_choosed_4":{"x":1409,"y":124,"w":191,"h":155,"offX":0,"offY":0,"sourceW":191,"sourceH":155},"baccarat_hall_person":{"x":859,"y":1,"w":355,"h":615,"offX":0,"offY":0,"sourceW":355,"sourceH":615},"baccarat_hall_roomIcon1_0":{"x":1216,"y":281,"w":158,"h":120,"offX":0,"offY":0,"sourceW":158,"sourceH":120},"baccarat_hall_roomIcon1_1":{"x":1795,"y":246,"w":158,"h":120,"offX":0,"offY":0,"sourceW":158,"sourceH":120},"baccarat_hall_roomIcon2_0":{"x":1536,"y":281,"w":158,"h":119,"offX":0,"offY":0,"sourceW":158,"sourceH":120},"baccarat_hall_roomIcon2_1":{"x":1376,"y":281,"w":158,"h":119,"offX":0,"offY":0,"sourceW":158,"sourceH":120},"baccarat_hall_roomIcon3_0":{"x":1376,"y":402,"w":158,"h":114,"offX":0,"offY":6,"sourceW":158,"sourceH":120},"baccarat_hall_roomIcon3_1":{"x":1856,"y":368,"w":158,"h":114,"offX":0,"offY":6,"sourceW":158,"sourceH":120},"baccarat_hall_roomIcon4_0":{"x":1795,"y":124,"w":158,"h":120,"offX":0,"offY":0,"sourceW":158,"sourceH":120},"baccarat_hall_roomIcon4_1":{"x":1696,"y":368,"w":158,"h":118,"offX":0,"offY":0,"sourceW":158,"sourceH":120},"norm_number":{"x":1992,"y":1,"w":36,"h":18,"offX":1,"offY":0,"sourceW":38,"sourceH":18},"norm_number_colon":{"x":2042,"y":37,"w":5,"h":11,"offX":0,"offY":3,"sourceW":5,"sourceH":18},"norm_number_colon_0":{"x":2016,"y":21,"w":11,"h":15,"offX":0,"offY":1,"sourceW":11,"sourceH":18},"norm_number_colon_1":{"x":2019,"y":55,"w":7,"h":14,"offX":2,"offY":2,"sourceW":11,"sourceH":18},"norm_number_colon_2":{"x":2003,"y":21,"w":11,"h":15,"offX":0,"offY":1,"sourceW":11,"sourceH":18},"norm_number_colon_3":{"x":1990,"y":21,"w":11,"h":15,"offX":0,"offY":1,"sourceW":11,"sourceH":18},"norm_number_colon_4":{"x":1993,"y":55,"w":11,"h":14,"offX":0,"offY":2,"sourceW":11,"sourceH":18},"norm_number_colon_5":{"x":1980,"y":55,"w":11,"h":14,"offX":0,"offY":2,"sourceW":11,"sourceH":18},"norm_number_colon_6":{"x":1979,"y":71,"w":10,"h":15,"offX":1,"offY":1,"sourceW":11,"sourceH":18},"norm_number_colon_7":{"x":1991,"y":71,"w":10,"h":14,"offX":1,"offY":2,"sourceW":11,"sourceH":18},"norm_number_colon_8":{"x":2029,"y":54,"w":11,"h":15,"offX":0,"offY":1,"sourceW":11,"sourceH":18},"norm_number_colon_9":{"x":1967,"y":39,"w":11,"h":15,"offX":0,"offY":1,"sourceW":11,"sourceH":18},"norm_number_semicolon":{"x":2028,"y":71,"w":11,"h":4,"offX":0,"offY":8,"sourceW":11,"sourceH":18},"norm_number1":{"x":1954,"y":1,"w":36,"h":18,"offX":1,"offY":0,"sourceW":38,"sourceH":18},"norm_number1_colon":{"x":2042,"y":50,"w":5,"h":11,"offX":0,"offY":3,"sourceW":5,"sourceH":18},"norm_number1_colon_0":{"x":2016,"y":38,"w":11,"h":15,"offX":0,"offY":1,"sourceW":11,"sourceH":18},"norm_number1_colon_1":{"x":1980,"y":39,"w":7,"h":14,"offX":2,"offY":2,"sourceW":11,"sourceH":18},"norm_number1_colon_2":{"x":2003,"y":38,"w":11,"h":15,"offX":0,"offY":1,"sourceW":11,"sourceH":18},"norm_number1_colon_3":{"x":1990,"y":38,"w":11,"h":15,"offX":0,"offY":1,"sourceW":11,"sourceH":18},"norm_number1_colon_4":{"x":1954,"y":56,"w":11,"h":14,"offX":0,"offY":2,"sourceW":11,"sourceH":18},"norm_number1_colon_5":{"x":2006,"y":55,"w":11,"h":14,"offX":0,"offY":2,"sourceW":11,"sourceH":18},"norm_number1_colon_6":{"x":1967,"y":56,"w":10,"h":15,"offX":1,"offY":1,"sourceW":11,"sourceH":18},"norm_number1_colon_7":{"x":2003,"y":71,"w":10,"h":14,"offX":1,"offY":2,"sourceW":11,"sourceH":18},"norm_number1_colon_8":{"x":2029,"y":37,"w":11,"h":15,"offX":0,"offY":1,"sourceW":11,"sourceH":18},"norm_number1_colon_9":{"x":1954,"y":39,"w":11,"h":15,"offX":0,"offY":1,"sourceW":11,"sourceH":18},"norm_number1_semicolon":{"x":2015,"y":71,"w":11,"h":4,"offX":0,"offY":8,"sourceW":11,"sourceH":18}}}