{"file":"jinhua.png","frames":{"card_100":{"x":1867,"y":1317,"w":48,"h":63,"offX":0,"offY":0,"sourceW":48,"sourceH":63},"card_101":{"x":1100,"y":1312,"w":48,"h":63,"offX":0,"offY":0,"sourceW":48,"sourceH":63},"card_102":{"x":1050,"y":1312,"w":48,"h":63,"offX":0,"offY":0,"sourceW":48,"sourceH":63},"card_103":{"x":1000,"y":1312,"w":48,"h":63,"offX":0,"offY":0,"sourceW":48,"sourceH":63},"card_104":{"x":950,"y":1312,"w":48,"h":63,"offX":0,"offY":0,"sourceW":48,"sourceH":63},"card_105":{"x":900,"y":1312,"w":48,"h":63,"offX":0,"offY":0,"sourceW":48,"sourceH":63},"card_106":{"x":850,"y":1312,"w":48,"h":63,"offX":0,"offY":0,"sourceW":48,"sourceH":63},"card_107":{"x":800,"y":1312,"w":48,"h":63,"offX":0,"offY":0,"sourceW":48,"sourceH":63},"card_108":{"x":750,"y":1291,"w":48,"h":63,"offX":0,"offY":0,"sourceW":48,"sourceH":63},"card_109":{"x":700,"y":1291,"w":48,"h":63,"offX":0,"offY":0,"sourceW":48,"sourceH":63},"card_110":{"x":650,"y":1291,"w":48,"h":63,"offX":0,"offY":0,"sourceW":48,"sourceH":63},"card_111":{"x":600,"y":1291,"w":48,"h":63,"offX":0,"offY":0,"sourceW":48,"sourceH":63},"card_112":{"x":550,"y":1291,"w":48,"h":63,"offX":0,"offY":0,"sourceW":48,"sourceH":63},"card_113":{"x":500,"y":1291,"w":48,"h":63,"offX":0,"offY":0,"sourceW":48,"sourceH":63},"card_201":{"x":450,"y":1291,"w":48,"h":63,"offX":0,"offY":0,"sourceW":48,"sourceH":63},"card_202":{"x":400,"y":1291,"w":48,"h":63,"offX":0,"offY":0,"sourceW":48,"sourceH":63},"card_203":{"x":1817,"y":1290,"w":48,"h":63,"offX":0,"offY":0,"sourceW":48,"sourceH":63},"card_204":{"x":1767,"y":1290,"w":48,"h":63,"offX":0,"offY":0,"sourceW":48,"sourceH":63},"card_205":{"x":1717,"y":1290,"w":48,"h":63,"offX":0,"offY":0,"sourceW":48,"sourceH":63},"card_206":{"x":1667,"y":1290,"w":48,"h":63,"offX":0,"offY":0,"sourceW":48,"sourceH":63},"card_207":{"x":1617,"y":1290,"w":48,"h":63,"offX":0,"offY":0,"sourceW":48,"sourceH":63},"card_208":{"x":1567,"y":1290,"w":48,"h":63,"offX":0,"offY":0,"sourceW":48,"sourceH":63},"card_209":{"x":1517,"y":1290,"w":48,"h":63,"offX":0,"offY":0,"sourceW":48,"sourceH":63},"card_210":{"x":1467,"y":1290,"w":48,"h":63,"offX":0,"offY":0,"sourceW":48,"sourceH":63},"card_211":{"x":1417,"y":1290,"w":48,"h":63,"offX":0,"offY":0,"sourceW":48,"sourceH":63},"card_212":{"x":1367,"y":1279,"w":48,"h":63,"offX":0,"offY":0,"sourceW":48,"sourceH":63},"card_213":{"x":1317,"y":1279,"w":48,"h":63,"offX":0,"offY":0,"sourceW":48,"sourceH":63},"card_301":{"x":1267,"y":1279,"w":48,"h":63,"offX":0,"offY":0,"sourceW":48,"sourceH":63},"card_302":{"x":1217,"y":1279,"w":48,"h":63,"offX":0,"offY":0,"sourceW":48,"sourceH":63},"card_303":{"x":1167,"y":1279,"w":48,"h":63,"offX":0,"offY":0,"sourceW":48,"sourceH":63},"card_304":{"x":350,"y":1269,"w":48,"h":63,"offX":0,"offY":0,"sourceW":48,"sourceH":63},"card_305":{"x":300,"y":1269,"w":48,"h":63,"offX":0,"offY":0,"sourceW":48,"sourceH":63},"card_306":{"x":250,"y":1269,"w":48,"h":63,"offX":0,"offY":0,"sourceW":48,"sourceH":63},"card_307":{"x":200,"y":1269,"w":48,"h":63,"offX":0,"offY":0,"sourceW":48,"sourceH":63},"card_308":{"x":150,"y":1269,"w":48,"h":63,"offX":0,"offY":0,"sourceW":48,"sourceH":63},"card_309":{"x":100,"y":1269,"w":48,"h":63,"offX":0,"offY":0,"sourceW":48,"sourceH":63},"card_310":{"x":50,"y":1269,"w":48,"h":63,"offX":0,"offY":0,"sourceW":48,"sourceH":63},"card_311":{"x":0,"y":1269,"w":48,"h":63,"offX":0,"offY":0,"sourceW":48,"sourceH":63},"card_312":{"x":1966,"y":1252,"w":48,"h":63,"offX":0,"offY":0,"sourceW":48,"sourceH":63},"card_313":{"x":1916,"y":1252,"w":48,"h":63,"offX":0,"offY":0,"sourceW":48,"sourceH":63},"card_401":{"x":1866,"y":1225,"w":48,"h":63,"offX":0,"offY":0,"sourceW":48,"sourceH":63},"card_402":{"x":1816,"y":1225,"w":48,"h":63,"offX":0,"offY":0,"sourceW":48,"sourceH":63},"card_403":{"x":1367,"y":1214,"w":48,"h":63,"offX":0,"offY":0,"sourceW":48,"sourceH":63},"card_404":{"x":1317,"y":1214,"w":48,"h":63,"offX":0,"offY":0,"sourceW":48,"sourceH":63},"card_405":{"x":1267,"y":1214,"w":48,"h":63,"offX":0,"offY":0,"sourceW":48,"sourceH":63},"card_406":{"x":1217,"y":1214,"w":48,"h":63,"offX":0,"offY":0,"sourceW":48,"sourceH":63},"card_407":{"x":1167,"y":1214,"w":48,"h":63,"offX":0,"offY":0,"sourceW":48,"sourceH":63},"card_408":{"x":1990,"y":1187,"w":48,"h":63,"offX":0,"offY":0,"sourceW":48,"sourceH":63},"card_409":{"x":1940,"y":1187,"w":48,"h":63,"offX":0,"offY":0,"sourceW":48,"sourceH":63},"card_410":{"x":1993,"y":1033,"w":48,"h":63,"offX":0,"offY":0,"sourceW":48,"sourceH":63},"card_411":{"x":980,"y":968,"w":48,"h":63,"offX":0,"offY":0,"sourceW":48,"sourceH":63},"card_412":{"x":1969,"y":711,"w":48,"h":63,"offX":0,"offY":0,"sourceW":48,"sourceH":63},"card_413":{"x":1131,"y":703,"w":48,"h":63,"offX":0,"offY":0,"sourceW":48,"sourceH":63},"a1":{"x":0,"y":0,"w":640,"h":994,"offX":0,"offY":0,"sourceW":640,"sourceH":994},"a2":{"x":642,"y":0,"w":582,"h":618,"offX":0,"offY":0,"sourceW":582,"sourceH":618},"a3":{"x":1776,"y":339,"w":96,"h":91,"offX":0,"offY":0,"sourceW":96,"sourceH":91},"a4":{"x":1903,"y":334,"w":96,"h":91,"offX":0,"offY":0,"sourceW":96,"sourceH":91},"a5":{"x":1776,"y":432,"w":96,"h":90,"offX":0,"offY":0,"sourceW":96,"sourceH":90},"a6":{"x":1874,"y":427,"w":96,"h":90,"offX":0,"offY":0,"sourceW":96,"sourceH":90},"a7":{"x":430,"y":1141,"w":98,"h":46,"offX":0,"offY":0,"sourceW":99,"sourceH":46},"a8":{"x":1947,"y":985,"w":99,"h":46,"offX":0,"offY":0,"sourceW":99,"sourceH":46},"a9":{"x":1969,"y":594,"w":77,"h":45,"offX":0,"offY":0,"sourceW":77,"sourceH":45},"a10":{"x":550,"y":1038,"w":450,"h":2,"offX":0,"offY":0,"sourceW":450,"sourceH":2},"a11":{"x":642,"y":620,"w":386,"h":346,"offX":0,"offY":0,"sourceW":386,"sourceH":346},"a12":{"x":1461,"y":1049,"w":383,"h":136,"offX":0,"offY":0,"sourceW":383,"sourceH":136},"a13":{"x":430,"y":1199,"w":383,"h":90,"offX":0,"offY":0,"sourceW":383,"sourceH":90},"a14":{"x":1073,"y":1049,"w":386,"h":163,"offX":0,"offY":0,"sourceW":386,"sourceH":163},"a15":{"x":0,"y":996,"w":548,"h":143,"offX":0,"offY":0,"sourceW":548,"sourceH":143},"a20":{"x":1972,"y":427,"w":61,"h":57,"offX":0,"offY":0,"sourceW":61,"sourceH":57},"b1":{"x":1874,"y":519,"w":99,"h":73,"offX":0,"offY":0,"sourceW":99,"sourceH":73},"b1a":{"x":2006,"y":180,"w":26,"h":30,"offX":0,"offY":0,"sourceW":26,"sourceH":30},"b2":{"x":1846,"y":985,"w":99,"h":73,"offX":0,"offY":0,"sourceW":99,"sourceH":73},"b2a":{"x":2008,"y":308,"w":26,"h":30,"offX":0,"offY":0,"sourceW":26,"sourceH":30},"b3":{"x":1030,"y":695,"w":99,"h":73,"offX":0,"offY":0,"sourceW":99,"sourceH":73},"b3a":{"x":2008,"y":244,"w":26,"h":30,"offX":0,"offY":0,"sourceW":26,"sourceH":30},"b4":{"x":1868,"y":669,"w":99,"h":73,"offX":0,"offY":0,"sourceW":99,"sourceH":73},"b4a":{"x":2006,"y":148,"w":26,"h":30,"offX":0,"offY":0,"sourceW":26,"sourceH":30},"b5":{"x":1030,"y":620,"w":99,"h":73,"offX":0,"offY":0,"sourceW":99,"sourceH":73},"b5a":{"x":2008,"y":212,"w":26,"h":30,"offX":0,"offY":0,"sourceW":26,"sourceH":30},"b6":{"x":1868,"y":594,"w":99,"h":73,"offX":0,"offY":0,"sourceW":99,"sourceH":73},"b6a":{"x":2008,"y":276,"w":26,"h":30,"offX":0,"offY":0,"sourceW":26,"sourceH":30},"c1":{"x":1776,"y":239,"w":125,"h":98,"offX":0,"offY":0,"sourceW":125,"sourceH":98},"c2":{"x":1903,"y":239,"w":103,"h":93,"offX":0,"offY":0,"sourceW":103,"sourceH":93},"d1":{"x":1226,"y":535,"w":640,"h":240,"offX":0,"offY":0,"sourceW":640,"sourceH":240},"d2":{"x":1461,"y":1187,"w":353,"h":101,"offX":145,"offY":70,"sourceW":640,"sourceH":240},"d3":{"x":815,"y":1214,"w":350,"h":96,"offX":145,"offY":72,"sourceW":640,"sourceH":240},"d4":{"x":1672,"y":881,"w":353,"h":102,"offX":143,"offY":70,"sourceW":640,"sourceH":240},"d5":{"x":1672,"y":777,"w":355,"h":102,"offX":143,"offY":70,"sourceW":640,"sourceH":240},"head":{"x":1131,"y":620,"w":81,"h":81,"offX":2,"offY":2,"sourceW":86,"sourceH":86},"jh.baocaijin":{"x":550,"y":1049,"w":521,"h":148,"offX":4,"offY":11,"sourceW":529,"sourceH":159},"jh.baozhuang":{"x":1226,"y":0,"w":548,"h":533,"offX":0,"offY":0,"sourceW":548,"sourceH":533},"jh.btnred":{"x":1816,"y":1187,"w":122,"h":36,"offX":0,"offY":0,"sourceW":122,"sourceH":36},"jh.titlebg":{"x":1030,"y":777,"w":640,"h":140,"offX":0,"offY":0,"sourceW":640,"sourceH":145},"t1":{"x":1672,"y":985,"w":145,"h":38,"offX":0,"offY":0,"sourceW":145,"sourceH":38},"t2":{"x":1846,"y":1099,"w":143,"h":37,"offX":0,"offY":0,"sourceW":143,"sourceH":37},"t3222":{"x":1846,"y":1060,"w":145,"h":37,"offX":0,"offY":0,"sourceW":145,"sourceH":37},"talk":{"x":0,"y":1231,"w":424,"h":36,"offX":0,"offY":0,"sourceW":424,"sourceH":36},"u1":{"x":1030,"y":919,"w":640,"h":128,"offX":0,"offY":0,"sourceW":640,"sourceH":128},"u2":{"x":1776,"y":0,"w":131,"h":158,"offX":1,"offY":0,"sourceW":132,"sourceH":158},"u3":{"x":1975,"y":486,"w":51,"h":68,"offX":0,"offY":0,"sourceW":51,"sourceH":68},"u4":{"x":1969,"y":641,"w":51,"h":68,"offX":0,"offY":0,"sourceW":51,"sourceH":68},"u5":{"x":1776,"y":160,"w":228,"h":77,"offX":0,"offY":0,"sourceW":228,"sourceH":77},"u6":{"x":1909,"y":0,"w":131,"h":124,"offX":0,"offY":0,"sourceW":131,"sourceH":124},"z2":{"x":1846,"y":1138,"w":96,"h":47,"offX":0,"offY":0,"sourceW":96,"sourceH":47},"z3":{"x":1944,"y":1138,"w":96,"h":47,"offX":0,"offY":0,"sourceW":96,"sourceH":47},"z4":{"x":0,"y":1141,"w":428,"h":88,"offX":0,"offY":0,"sourceW":428,"sourceH":88},"z5":{"x":1909,"y":126,"w":80,"h":13,"offX":0,"offY":0,"sourceW":80,"sourceH":13},"z6":{"x":550,"y":996,"w":428,"h":40,"offX":0,"offY":0,"sourceW":428,"sourceH":40},"z7":{"x":1991,"y":126,"w":39,"h":20,"offX":0,"offY":0,"sourceW":40,"sourceH":20}}}