{"file":"qznnroom.png","frames":{"qznn__base_score_9":{"x":1200,"y":208,"w":16,"h":23,"offX":2,"offY":2,"sourceW":20,"sourceH":28},"qznn__base_score":{"x":907,"y":227,"w":61,"h":28,"offX":0,"offY":0,"sourceW":61,"sourceH":28},"qznn__base_score_6":{"x":2026,"y":174,"w":17,"h":23,"offX":2,"offY":2,"sourceW":20,"sourceH":28},"room_meun_btn_0":{"x":802,"y":227,"w":103,"h":27,"offX":28,"offY":28,"sourceW":154,"sourceH":76},"root_record_btn_0":{"x":1473,"y":219,"w":103,"h":39,"offX":27,"offY":18,"sourceW":154,"sourceH":76},"qznn__base_score1":{"x":1578,"y":212,"w":61,"h":28,"offX":0,"offY":0,"sourceW":61,"sourceH":28},"qznn__base_score_1":{"x":1635,"y":1,"w":12,"h":23,"offX":4,"offY":3,"sourceW":20,"sourceH":28},"title_baijiale":{"x":1510,"y":603,"w":153,"h":54,"offX":26,"offY":6,"sourceW":210,"sourceH":64},"title_erbagang":{"x":1350,"y":563,"w":158,"h":54,"offX":24,"offY":6,"sourceW":210,"sourceH":64},"title_bairenniuniu":{"x":1145,"y":563,"w":203,"h":54,"offX":6,"offY":6,"sourceW":210,"sourceH":64},"qznn__base_score_0":{"x":1623,"y":152,"w":17,"h":23,"offX":2,"offY":3,"sourceW":20,"sourceH":28},"qznn__base_score_8":{"x":1630,"y":127,"w":17,"h":23,"offX":1,"offY":3,"sourceW":20,"sourceH":28},"qznn__base_score_7":{"x":2026,"y":199,"w":16,"h":23,"offX":3,"offY":3,"sourceW":20,"sourceH":28},"qznn__base_score_3":{"x":1200,"y":183,"w":16,"h":23,"offX":2,"offY":3,"sourceW":20,"sourceH":28},"qznn__base_score_4":{"x":1630,"y":77,"w":18,"h":23,"offX":1,"offY":2,"sourceW":20,"sourceH":28},"system_flag":{"x":1008,"y":241,"w":46,"h":21,"offX":0,"offY":0,"sourceW":46,"sourceH":21},"title_tongbiniuniu":{"x":1314,"y":507,"w":203,"h":54,"offX":6,"offY":6,"sourceW":210,"sourceH":64},"room_rule_btn_0":{"x":1145,"y":521,"w":102,"h":39,"offX":27,"offY":18,"sourceW":154,"sourceH":76},"title_qiangzhuangniuniu":{"x":1349,"y":163,"w":204,"h":54,"offX":5,"offY":6,"sourceW":210,"sourceH":64},"room_close":{"x":1028,"y":183,"w":170,"h":56,"offX":6,"offY":3,"sourceW":186,"sourceH":62},"qznn__base_score_5":{"x":1623,"y":177,"w":17,"h":23,"offX":1,"offY":2,"sourceW":20,"sourceH":28},"qznn__base_score_2":{"x":1630,"y":102,"w":18,"h":23,"offX":1,"offY":2,"sourceW":20,"sourceH":28},"title_zhajinhuua":{"x":1894,"y":573,"w":153,"h":54,"offX":29,"offY":6,"sourceW":210,"sourceH":64},"room_shang_di":{"x":178,"y":264,"w":1472,"h":104,"offX":0,"offY":0,"sourceW":1472,"sourceH":104},"qznn_hall_effect_6_tex1":{"x":1227,"y":1,"w":180,"h":156,"offX":0,"offY":0,"sourceW":180,"sourceH":156},"qznn_hall_effect_6_tex2":{"x":1570,"y":143,"w":51,"h":67,"offX":0,"offY":0,"sourceW":51,"sourceH":67},"qznn_hall_effect_6_tex3":{"x":1570,"y":1,"w":63,"h":74,"offX":0,"offY":0,"sourceW":63,"sourceH":74},"qznn_hall_effect_6_tex4":{"x":1777,"y":603,"w":51,"h":51,"offX":0,"offY":0,"sourceW":51,"sourceH":51},"qznn_hall_effect_6_tex5":{"x":1894,"y":327,"w":117,"h":138,"offX":0,"offY":0,"sourceW":117,"sourceH":138},"qznn_hall_effect_6_tex6":{"x":1724,"y":603,"w":51,"h":51,"offX":0,"offY":0,"sourceW":51,"sourceH":51},"qznn_hall_effect_6_tex7":{"x":1519,"y":483,"w":100,"h":93,"offX":0,"offY":0,"sourceW":100,"sourceH":93},"qznn_hall_effect_6_tex8":{"x":1830,"y":603,"w":42,"h":55,"offX":0,"offY":0,"sourceW":42,"sourceH":55},"qznn_hall_effect_6_tex10":{"x":1028,"y":1,"w":197,"h":180,"offX":0,"offY":0,"sourceW":197,"sourceH":180},"qznn_hall_effect_light_tex002":{"x":178,"y":1,"w":622,"h":261,"offX":0,"offY":0,"sourceW":622,"sourceH":261},"qznn_hall_effect_light_tex003":{"x":1,"y":1,"w":175,"h":998,"offX":0,"offY":0,"sourceW":175,"sourceH":998},"qznn_pic1":{"x":904,"y":370,"w":239,"h":299,"offX":1,"offY":1,"sourceW":240,"sourceH":300},"qznn_pic2":{"x":1652,"y":1,"w":240,"h":299,"offX":0,"offY":1,"sourceW":240,"sourceH":300},"qznn_pic3":{"x":1652,"y":302,"w":240,"h":299,"offX":0,"offY":1,"sourceW":240,"sourceH":300},"qznn_pic4":{"x":178,"y":370,"w":240,"h":298,"offX":0,"offY":2,"sourceW":240,"sourceH":300},"qznn_pic5":{"x":662,"y":370,"w":240,"h":298,"offX":0,"offY":2,"sourceW":240,"sourceH":300},"qznn_pic6":{"x":420,"y":370,"w":240,"h":298,"offX":0,"offY":2,"sourceW":240,"sourceH":300},"qznn_hall_effect_1_tex001":{"x":802,"y":1,"w":224,"h":224,"offX":0,"offY":0,"sourceW":224,"sourceH":224},"qznn_hall_effect_1_tex002":{"x":1894,"y":467,"w":117,"h":104,"offX":0,"offY":0,"sourceW":117,"sourceH":104},"qznn_hall_effect_1_tex003":{"x":1894,"y":1,"w":146,"h":171,"offX":0,"offY":0,"sourceW":146,"sourceH":171},"qznn_hall_effect_2_tex001":{"x":1894,"y":174,"w":130,"h":151,"offX":0,"offY":0,"sourceW":130,"sourceH":151},"qznn_hall_effect_2_tex002":{"x":1409,"y":1,"w":159,"h":160,"offX":0,"offY":0,"sourceW":159,"sourceH":160},"qznn_hall_effect_2_tex003":{"x":1145,"y":619,"w":35,"h":24,"offX":0,"offY":0,"sourceW":35,"sourceH":24},"qznn_hall_effect_2_tex004":{"x":2013,"y":327,"w":32,"h":30,"offX":0,"offY":0,"sourceW":32,"sourceH":30},"qznn_hall_effect_3_tex001":{"x":1482,"y":370,"w":140,"h":111,"offX":0,"offY":0,"sourceW":140,"sourceH":111},"qznn_hall_effect_3_tex002":{"x":1314,"y":370,"w":166,"h":135,"offX":0,"offY":0,"sourceW":166,"sourceH":135},"qznn_hall_effect_3_tex003":{"x":1349,"y":219,"w":122,"h":34,"offX":0,"offY":0,"sourceW":122,"sourceH":34},"qznn_hall_effect_3_tex007":{"x":1665,"y":603,"w":57,"h":56,"offX":0,"offY":0,"sourceW":57,"sourceH":56},"qznn_hall_effect_3_tex008":{"x":1570,"y":77,"w":58,"h":64,"offX":0,"offY":0,"sourceW":58,"sourceH":64},"qznn_hall_effect_3_tex009":{"x":1249,"y":521,"w":35,"h":27,"offX":0,"offY":0,"sourceW":35,"sourceH":27},"qznn_hall_effect_3_tex010":{"x":970,"y":227,"w":36,"h":28,"offX":0,"offY":0,"sourceW":36,"sourceH":28},"qznn_hall_effect_4_tex1":{"x":1227,"y":159,"w":120,"h":102,"offX":0,"offY":0,"sourceW":120,"sourceH":102},"qznn_hall_effect_4_tex2":{"x":1145,"y":370,"w":167,"h":149,"offX":0,"offY":0,"sourceW":167,"sourceH":149}}}