{"frameRate":24,"armature":[{"bone":[{"name":"root","transform":{}},{"length":272,"transform":{"skX":-87.6548,"y":33.35,"skY":-87.6548,"x":-444.45},"parent":"root","name":"图层_5"},{"length":117,"transform":{"skX":-9.0851,"y":-21.6443,"skY":-9.0851,"x":309.7738},"parent":"图层_5","name":"图层_11"},{"length":136,"transform":{"skX":-177.0097,"y":-85.1189,"skY":-177.0097,"x":250.4266},"parent":"图层_5","name":"图层_7"},{"length":138,"transform":{"skX":146.1476,"y":19.0398,"skY":146.1476,"x":275.5599},"parent":"图层_5","name":"图层_4"},{"length":206,"transform":{"skX":174.075,"y":-62.4159,"skY":174.075,"x":47.9861},"parent":"图层_5","name":"图层_3"},{"transform":{"y":-60.7403,"x":317.4303},"name":"图层_15","parent":"图层_5"},{"length":219,"transform":{"skX":176.2312,"y":24.5883,"skY":176.2312,"x":10.565},"parent":"图层_5","name":"图层_2"},{"transform":{"y":12.7259,"x":326.8953},"name":"图层_152","parent":"图层_5"},{"length":66,"transform":{"skX":-81.3803,"y":-70.2298,"skY":-81.3803,"x":77.4911},"parent":"图层_5","name":"图层_1"},{"length":123,"transform":{"skX":164.4567,"y":38.3574,"skY":164.4567,"x":52.763},"parent":"图层_11","name":"图层_6"},{"length":136,"transform":{"skX":15.6115,"y":0.8124,"skY":15.6115,"x":137.0192},"parent":"图层_7","name":"图层_10"},{"length":97,"transform":{"skX":-159.4883,"y":-50.348,"skY":-159.4883,"x":48.1416},"parent":"图层_11","name":"图层_8"},{"length":76,"transform":{"skX":21.2325,"y":15.0484,"skY":21.2325,"x":137.9875},"parent":"图层_11","name":"图层_13"},{"length":79,"transform":{"skX":-49.6896,"y":-13.5724,"skY":-49.6896,"x":131.4009},"parent":"图层_11","name":"图层_12"},{"transform":{"y":28.8187,"x":72.1665},"name":"图层_14","parent":"图层_11"},{"length":176,"transform":{"skX":-145.1655,"y":-2.0701,"skY":-145.1655,"x":156.9736},"parent":"图层_4","name":"图层_9"}],"type":"Armature","ik":[],"animation":[{"bone":[{"frame":[{"duration":52,"transform":{}}],"name":"root"},{"frame":[{"duration":52,"transform":{}}],"name":"图层_5"},{"frame":[{"tweenEasing":0,"duration":26,"transform":{}},{"tweenEasing":0,"duration":24,"transform":{"skX":3.0974,"skY":3.0974,"x":4.3884}},{"duration":2,"transform":{}}],"name":"图层_11"},{"frame":[{"tweenEasing":0,"duration":26,"transform":{"skX":11.3243,"skY":11.3243}},{"tweenEasing":0,"duration":24,"transform":{"skX":5.3009,"skY":5.3009,"x":7.5197}},{"duration":2,"transform":{"skX":11.3243,"skY":11.3243}}],"name":"图层_7"},{"frame":[{"tweenEasing":0,"duration":26,"transform":{"skX":2.8423,"skY":2.8423}},{"tweenEasing":0,"duration":24,"transform":{"skX":-5.1964,"skY":-5.1964,"x":5.4462}},{"duration":2,"transform":{"skX":2.8423,"skY":2.8423}}],"name":"图层_4"},{"frame":[{"duration":52,"transform":{}}],"name":"图层_3"},{"frame":[{"tweenEasing":0,"duration":24,"transform":{}},{"tweenEasing":0,"duration":10,"transform":{}},{"tweenEasing":0,"duration":8,"transform":{"skX":-59.4519,"skY":-59.4519}},{"duration":10,"transform":{}}],"name":"图层_15"},{"frame":[{"duration":52,"transform":{}}],"name":"图层_2"},{"frame":[{"tweenEasing":0,"duration":14,"transform":{}},{"tweenEasing":0,"duration":10,"transform":{"skX":-5.6869,"skY":-5.6869}},{"tweenEasing":0,"duration":8,"transform":{}},{"tweenEasing":0,"duration":6,"transform":{"skX":-10.0607,"skY":-10.0607}},{"tweenEasing":0,"duration":12,"transform":{}},{"duration":2,"transform":{}}],"name":"图层_1"},{"frame":[{"duration":8,"transform":{}},{"tweenEasing":0,"duration":18,"transform":{}},{"tweenEasing":0,"duration":16,"transform":{"skX":-2.4957,"skY":-2.4957}},{"duration":10,"transform":{}}],"name":"图层_6"},{"frame":[{"tweenEasing":0,"duration":16,"transform":{}},{"tweenEasing":0,"duration":20,"transform":{"skX":9.3503,"skY":9.3503}},{"tweenEasing":0,"duration":14,"transform":{"skX":-0.6662,"skY":-0.6662}},{"duration":2,"transform":{}}],"name":"图层_13"},{"frame":[{"tweenEasing":0,"duration":32,"transform":{"skX":-18.7262,"skY":-18.7262}},{"tweenEasing":0,"duration":18,"transform":{"skX":-18.1115,"skY":-18.1115}},{"duration":2,"transform":{"skX":-18.7262,"skY":-18.7262}}],"name":"图层_10"},{"frame":[{"tweenEasing":0,"duration":12,"transform":{}},{"tweenEasing":0,"duration":16,"transform":{}},{"tweenEasing":0,"duration":16,"transform":{"skX":5.9093,"skY":5.9093}},{"duration":8,"transform":{}}],"name":"图层_8"},{"frame":[{"tweenEasing":0,"duration":32,"transform":{}},{"tweenEasing":0,"duration":18,"transform":{"skX":16.2358,"skY":16.2358}},{"duration":2,"transform":{}}],"name":"图层_9"},{"frame":[{"duration":52,"transform":{}}],"name":"图层_12"},{"frame":[{"duration":52,"transform":{}}],"name":"图层_14"},{"frame":[{"tweenEasing":0,"duration":43,"transform":{}},{"tweenEasing":0,"duration":5,"transform":{}},{"tweenEasing":0,"duration":4,"transform":{"skX":60.8025,"skY":60.8025}},{"duration":0,"transform":{}}],"name":"图层_152"}],"duration":52,"ffd":[{"frame":[{"tweenEasing":0,"offset":0,"duration":26,"vertices":[]},{"tweenEasing":0,"offset":8,"duration":24,"vertices":[6.4,-5.85,6.45,-2.65,6.45,-8.8,0,-3.7,0.2,-2.55,4.2,-10.5]},{"tweenEasing":null,"offset":0,"duration":2,"vertices":[]}],"scale":1,"skin":"","offset":0,"name":"图层_5","slot":"图层_5"},{"frame":[{"tweenEasing":0,"offset":0,"duration":26,"vertices":[]},{"tweenEasing":0,"offset":4,"duration":24,"vertices":[-17.5,-15.65,0,0,-0.15,-3.95,-1.35,-10.8,0,0]},{"tweenEasing":null,"offset":0,"duration":2,"vertices":[]}],"scale":1,"skin":"","offset":0,"name":"图层_12","slot":"图层_12"},{"frame":[{"tweenEasing":0,"offset":0,"duration":16,"vertices":[]},{"tweenEasing":0,"offset":2,"duration":20,"vertices":[-1.76,6.88,0,0,0,0,-1.54,3.29,0.1,0.59,0,0]},{"tweenEasing":0,"offset":0,"duration":14,"vertices":[-0.11,4.9,-2.01,-1.68,0,0,1.02,-27.59,-1.76,-2.96,0.1,0.59,0,0]},{"tweenEasing":null,"offset":0,"duration":2,"vertices":[]}],"scale":1,"skin":"","offset":0,"name":"图层_13","slot":"图层_13"}],"frame":[],"ik":[],"playTimes":0,"name":"newAnimation","slot":[{"frame":[{"tweenEasing":null,"duration":52}],"name":"图层_5"},{"frame":[{"tweenEasing":null,"duration":26,"displayIndex":-1},{"tweenEasing":null,"duration":4,"displayIndex":-1},{"tweenEasing":null,"duration":4},{"tweenEasing":null,"duration":18,"displayIndex":-1}],"name":"图层_14"},{"frame":[{"tweenEasing":null,"duration":24,"displayIndex":-1},{"tweenEasing":null,"duration":10,"displayIndex":-1},{"tweenEasing":null,"duration":8},{"tweenEasing":null,"duration":10,"displayIndex":-1}],"name":"图层_15"},{"frame":[{"tweenEasing":null,"duration":43,"displayIndex":-1},{"tweenEasing":null,"duration":5,"displayIndex":-1},{"tweenEasing":null,"duration":4},{"tweenEasing":null,"duration":0,"displayIndex":-1}],"name":"图层_152"}]}],"skin":[{"name":"","slot":[{"display":[{"path":"图层_15","type":"image","name":"图层_15","transform":{"skX":88.7815,"y":-2.0211,"skY":88.7815,"x":1.353}}],"name":"图层_152"},{"display":[{"path":"图层_2","type":"image","name":"图层_2","transform":{"skX":-88.5764,"y":5.5969,"skY":-88.5764,"x":102.4446}}],"name":"图层_2"},{"display":[{"path":"图层_8","type":"image","name":"图层_8","transform":{"skX":-103.7719,"y":-5.6007,"skY":-103.7719,"x":47.8442}}],"name":"图层_8"},{"display":[{"path":"图层_3","type":"image","name":"图层_3","transform":{"skX":-86.4202,"y":5.179,"skY":-86.4202,"x":128.4293}}],"name":"图层_3"},{"display":[{"path":"图层_7","type":"image","name":"图层_7","transform":{"skX":-95.3355,"y":-5.8141,"skY":-95.3355,"x":64.9428}}],"name":"图层_7"},{"display":[{"width":225,"type":"mesh","vertices":[-112.5,-209.5,112.5,-209.5,-112.5,209.5,112.5,209.5,33.65,-71,45.75,27.5,71.5,-64.95,4.85,-128.55,-39.1,62.35,112.5,-33.85],"transform":{"skX":87.6548,"y":-11.3475,"skY":87.6548,"x":153.6623},"height":419,"path":"图层_5","userEdges":[],"uvs":[0,0,1,0,0,1,1,1,0.64956,0.33054,0.70333,0.56563,0.81778,0.34498,0.52156,0.19319,0.32622,0.6488,1,0.41921],"name":"图层_5","edges":[0,1,3,2,2,0,1,9,9,3],"triangles":[7,4,6,5,8,3,8,2,3,0,7,1,7,6,1,5,3,9,6,5,9,1,6,9,4,5,6,4,8,5,7,8,4,0,8,7,0,2,8]}],"name":"图层_5"},{"display":[{"path":"图层_1","type":"image","name":"图层_1","transform":{"skX":169.0351,"y":-4.1623,"skY":169.0351,"x":43.5534}}],"name":"图层_1"},{"display":[{"path":"图层_15","type":"image","name":"图层_15","transform":{"skX":88.7815,"y":0.0947,"skY":88.7815,"x":1.353}}],"name":"图层_15"},{"display":[{"path":"图层_10","type":"image","name":"图层_10","transform":{"skX":-110.947,"y":-10.0069,"skY":-110.947,"x":103.6228}}],"name":"图层_10"},{"display":[{"path":"图层_9","type":"image","name":"图层_9","transform":{"skX":86.6726,"y":0.4018,"skY":86.6726,"x":93.8795}}],"name":"图层_9"},{"display":[{"width":100,"type":"mesh","vertices":[-50,-48.5,50,-48.5,-50,48.5,50,48.5,-30.3,-15.75,-39.65,35.85,20.15,-38.05],"transform":{"skX":146.4295,"y":-9.7137,"skY":146.4295,"x":37.6002},"height":97,"path":"图层_12","userEdges":[],"uvs":[0,0,1,0,0,1,1,1,0.197,0.33761,0.1035,0.86957,0.7015,0.10771],"name":"图层_12","edges":[0,1,1,3,3,2,2,0],"triangles":[0,6,1,6,4,3,4,5,3,5,2,3,1,6,3,0,4,6,0,2,5,0,5,4]}],"name":"图层_12"},{"display":[{"path":"图层_4","type":"image","name":"图层_4","transform":{"skX":-58.4929,"y":-5.3499,"skY":-58.4929,"x":79.58}}],"name":"图层_4"},{"display":[{"path":"图层_11","type":"image","name":"图层_11","transform":{"skX":96.7398,"y":-3.2344,"skY":96.7398,"x":71.4715}}],"name":"图层_11"},{"display":[{"path":"图层_14","type":"image","name":"图层_14","transform":{"skX":96.7398,"y":-17.888,"skY":96.7398,"x":-4.383}}],"name":"图层_14"},{"display":[{"width":95,"type":"mesh","vertices":[-47.5,-45,47.5,-45,-47.5,45,47.5,45,32.35,-29.15,-11.05,-33.85,-47.5,-6.9],"transform":{"skX":75.5074,"y":20.1069,"skY":75.5074,"x":42.6881},"height":90,"path":"图层_13","userEdges":[],"uvs":[0,0,1,0,0,1,1,1,0.84053,0.17609,0.38368,0.12387,0,0.42331],"name":"图层_13","edges":[0,1,1,3,3,2,2,6,6,0],"triangles":[6,2,5,5,4,1,0,5,1,4,5,3,5,2,3,1,4,3,0,6,5]}],"name":"图层_13"},{"display":[{"path":"图层_6","type":"image","name":"图层_6","transform":{"skX":-67.7169,"y":-0.2901,"skY":-67.7169,"x":62.5859}}],"name":"图层_6"}]}],"slot":[{"color":{},"name":"图层_1","parent":"图层_1"},{"z":1,"color":{},"name":"图层_2","parent":"图层_2"},{"z":2,"color":{},"name":"图层_3","parent":"图层_3"},{"z":3,"color":{},"name":"图层_4","parent":"图层_4"},{"z":4,"color":{},"name":"图层_5","parent":"图层_5"},{"z":5,"color":{},"name":"图层_6","parent":"图层_6"},{"z":6,"color":{},"name":"图层_7","parent":"图层_7"},{"z":7,"color":{},"name":"图层_8","parent":"图层_8"},{"z":8,"color":{},"name":"图层_9","parent":"图层_9"},{"z":9,"color":{},"name":"图层_10","parent":"图层_10"},{"z":10,"color":{},"name":"图层_11","parent":"图层_11"},{"z":11,"color":{},"name":"图层_12","parent":"图层_12"},{"z":12,"color":{},"name":"图层_13","parent":"图层_13"},{"z":13,"color":{},"name":"图层_14","parent":"图层_14"},{"z":14,"color":{},"name":"图层_15","parent":"图层_15"},{"z":15,"color":{},"name":"图层_152","parent":"图层_152"}],"aabb":{"width":320.0000000000001,"y":-497.1479532642634,"height":752,"x":-612.0000000000001},"defaultActions":[{"gotoAndPlay":"newAnimation"}],"name":"armatureName","frameRate":24}],"isGlobal":0,"name":"tongbiniuniu","version":"5.0"}