{"armature":[{"ik":[],"slot":[{"displayIndex":2,"name":"sheetSlot","parent":"root","color":{}}],"type":"Sheet","name":"Sprite","bone":[{"transform":{},"name":"root"}],"aabb":{"width":1472,"y":-414,"height":828,"x":-736},"skin":[{"name":"","slot":[{"display":[{"path":"erbaagang_9","type":"image","name":"erbaagang_9","transform":{}},{"path":"erbaagang_0","type":"image","name":"erbaagang_0","transform":{}},{"path":"erbaagang_1","type":"image","name":"erbaagang_1","transform":{}},{"path":"erbaagang_2","type":"image","name":"erbaagang_2","transform":{}},{"path":"erbaagang_3","type":"image","name":"erbaagang_3","transform":{}},{"path":"erbaagang_4","type":"image","name":"erbaagang_4","transform":{}},{"path":"erbaagang_5","type":"image","name":"erbaagang_5","transform":{}},{"path":"erbaagang_6","type":"image","name":"erbaagang_6","transform":{}},{"path":"erbaagang_7","type":"image","name":"erbaagang_7","transform":{}},{"path":"erbaagang_8","type":"image","name":"erbaagang_8","transform":{}}],"name":"sheetSlot"}]}],"frameRate":10,"defaultActions":[{"gotoAndPlay":"Sprite"}],"animation":[{"ik":[],"playTimes":0,"frame":[],"ffd":[],"duration":10,"slot":[{"frame":[{"duration":1,"tweenEasing":null},{"duration":1,"displayIndex":1,"tweenEasing":null},{"duration":1,"displayIndex":2,"tweenEasing":null},{"duration":1,"displayIndex":3,"tweenEasing":null},{"duration":1,"displayIndex":4,"tweenEasing":null},{"duration":1,"displayIndex":5,"tweenEasing":null},{"duration":1,"displayIndex":6,"tweenEasing":null},{"duration":1,"displayIndex":7,"tweenEasing":null},{"duration":1,"displayIndex":8,"tweenEasing":null},{"duration":1,"displayIndex":9,"tweenEasing":null}],"name":"sheetSlot"}],"name":"Sprite","bone":[]}]}],"frameRate":24,"isGlobal":0,"name":"bg_ewrbagang","version":"5.0"}