{"mc":{"nn_banker":{"frameRate":24,"labels":[{"name":"nn_banker","frame":1,"end":13}],"events":[],"frames":[{"res":"nn_banker0","x":-167,"y":-145},{"res":"nn_banker1","x":-108,"y":-92},{"res":"nn_banker2","x":-94,"y":-81},{"res":"nn_banker3","x":-94,"y":-81},{"res":"nn_banker4","x":-94,"y":-81},{"res":"nn_banker5","x":-94,"y":-81},{"res":"nn_banker6","x":-94,"y":-81},{"res":"nn_banker7","x":-94,"y":-81},{"res":"nn_banker8","x":-94,"y":-81},{"res":"nn_banker9","x":-94,"y":-81},{"res":"nn_banker10","x":-94,"y":-81},{"res":"nn_banker11","x":-94,"y":-81},{"res":"nn_banker12","x":-94,"y":-81}]}},"res":{"nn_banker4":{"x":522,"y":322,"w":186,"h":158},"nn_banker10":{"x":737,"y":1,"w":186,"h":158},"nn_banker12":{"x":737,"y":161,"w":186,"h":158},"nn_banker2":{"x":549,"y":162,"w":186,"h":158},"nn_banker6":{"x":334,"y":184,"w":186,"h":158},"nn_banker3":{"x":189,"y":344,"w":186,"h":158},"nn_banker5":{"x":1,"y":290,"w":186,"h":158},"nn_banker8":{"x":737,"y":321,"w":186,"h":158},"nn_banker1":{"x":334,"y":1,"w":213,"h":181},"nn_banker0":{"x":1,"y":1,"w":331,"h":287},"nn_banker7":{"x":549,"y":1,"w":186,"h":159},"nn_banker11":{"x":737,"y":161,"w":186,"h":158},"nn_banker9":{"x":549,"y":1,"w":186,"h":159}}}