{"file":"brnn.png","frames":{"nn.btnred":{"x":1867,"y":1073,"w":122,"h":36,"offX":0,"offY":0,"sourceW":122,"sourceH":36},"nn.btnupbanker":{"x":1229,"y":1087,"w":101,"h":33,"offX":0,"offY":0,"sourceW":101,"sourceH":33},"nn.caijin":{"x":1807,"y":724,"w":178,"h":77,"offX":0,"offY":1,"sourceW":179,"sourceH":78},"nn.cardbg":{"x":1097,"y":1039,"w":130,"h":54,"offX":0,"offY":0,"sourceW":130,"sourceH":54},"nn.chatbg":{"x":642,"y":732,"w":333,"h":210,"offX":0,"offY":0,"sourceW":333,"sourceH":210},"nn.coin":{"x":2003,"y":115,"w":28,"h":30,"offX":0,"offY":0,"sourceW":28,"sourceH":30},"nn.coin0":{"x":1926,"y":556,"w":93,"h":95,"offX":1,"offY":1,"sourceW":95,"sourceH":96},"nn.coin1":{"x":1839,"y":895,"w":85,"h":92,"offX":0,"offY":0,"sourceW":85,"sourceH":92},"nn.coin2":{"x":977,"y":732,"w":92,"h":95,"offX":1,"offY":0,"sourceW":94,"sourceH":95},"nn.coin3":{"x":1750,"y":895,"w":87,"h":95,"offX":0,"offY":0,"sourceW":87,"sourceH":95},"nn.coin4":{"x":1926,"y":895,"w":85,"h":92,"offX":0,"offY":0,"sourceW":85,"sourceH":92},"nn.coin5":{"x":1915,"y":307,"w":93,"h":95,"offX":1,"offY":1,"sourceW":95,"sourceH":96},"nn.d1":{"x":1192,"y":0,"w":640,"h":240,"offX":0,"offY":0,"sourceW":640,"sourceH":240},"nn.d2":{"x":1365,"y":1012,"w":353,"h":101,"offX":145,"offY":70,"sourceW":640,"sourceH":240},"nn.d3":{"x":0,"y":1100,"w":350,"h":96,"offX":145,"offY":72,"sourceW":640,"sourceH":240},"nn.d4":{"x":357,"y":996,"w":353,"h":102,"offX":143,"offY":70,"sourceW":640,"sourceH":240},"nn.d5":{"x":0,"y":996,"w":355,"h":102,"offX":143,"offY":70,"sourceW":640,"sourceH":240},"nn.east":{"x":1839,"y":989,"w":92,"h":82,"offX":0,"offY":0,"sourceW":92,"sourceH":82},"nn.head":{"x":1964,"y":404,"w":81,"h":81,"offX":2,"offY":2,"sourceW":86,"sourceH":86},"nn.headbg":{"x":1915,"y":160,"w":106,"h":145,"offX":0,"offY":0,"sourceW":106,"sourceH":145},"nn.n1":{"x":1964,"y":487,"w":77,"h":43,"offX":24,"offY":7,"sourceW":123,"sourceH":56},"nn.n2":{"x":1410,"y":1115,"w":76,"h":43,"offX":24,"offY":7,"sourceW":123,"sourceH":56},"nn.n3":{"x":1332,"y":1115,"w":76,"h":43,"offX":24,"offY":7,"sourceW":123,"sourceH":56},"nn.n4":{"x":1720,"y":1112,"w":76,"h":43,"offX":24,"offY":7,"sourceW":123,"sourceH":56},"nn.n5":{"x":1945,"y":1111,"w":76,"h":43,"offX":24,"offY":7,"sourceW":123,"sourceH":56},"nn.n6":{"x":1867,"y":1111,"w":76,"h":43,"offX":24,"offY":7,"sourceW":123,"sourceH":56},"nn.n7":{"x":586,"y":1100,"w":76,"h":43,"offX":24,"offY":7,"sourceW":123,"sourceH":56},"nn.n8":{"x":508,"y":1100,"w":76,"h":43,"offX":24,"offY":7,"sourceW":123,"sourceH":56},"nn.n9":{"x":430,"y":1100,"w":76,"h":43,"offX":24,"offY":7,"sourceW":123,"sourceH":56},"nn.n10":{"x":352,"y":1100,"w":76,"h":43,"offX":24,"offY":7,"sourceW":123,"sourceH":56},"nn.n11":{"x":977,"y":829,"w":76,"h":43,"offX":24,"offY":7,"sourceW":123,"sourceH":56},"nn.n12":{"x":1580,"y":556,"w":92,"h":30,"offX":16,"offY":12,"sourceW":123,"sourceH":56},"nn.n13":{"x":900,"y":944,"w":75,"h":42,"offX":25,"offY":8,"sourceW":123,"sourceH":56},"nn.n14":{"x":1072,"y":535,"w":110,"h":43,"offX":7,"offY":8,"sourceW":123,"sourceH":56},"nn.north":{"x":712,"y":944,"w":92,"h":82,"offX":0,"offY":0,"sourceW":92,"sourceH":82},"nn.secondbg":{"x":1580,"y":242,"w":333,"h":210,"offX":0,"offY":0,"sourceW":333,"sourceH":210},"nn.south":{"x":806,"y":944,"w":92,"h":82,"offX":0,"offY":0,"sourceW":92,"sourceH":82},"nn.t1":{"x":1071,"y":824,"w":145,"h":38,"offX":0,"offY":0,"sourceW":145,"sourceH":38},"nn.t3222":{"x":1720,"y":1073,"w":145,"h":37,"offX":0,"offY":0,"sourceW":145,"sourceH":37},"nn.timerbg":{"x":1987,"y":704,"w":57,"h":58,"offX":0,"offY":0,"sourceW":57,"sourceH":58},"nn.titlebg":{"x":642,"y":590,"w":640,"h":140,"offX":0,"offY":0,"sourceW":640,"sourceH":145},"nn.u6":{"x":1834,"y":0,"w":167,"h":158,"offX":0,"offY":0,"sourceW":167,"sourceH":158},"nn.west":{"x":1933,"y":989,"w":92,"h":82,"offX":0,"offY":0,"sourceW":92,"sourceH":82},"nn.z6":{"x":642,"y":535,"w":428,"h":40,"offX":0,"offY":0,"sourceW":428,"sourceH":40},"nn.card_100":{"x":760,"y":1131,"w":48,"h":63,"offX":0,"offY":0,"sourceW":48,"sourceH":63},"nn.card_101":{"x":710,"y":1131,"w":48,"h":63,"offX":0,"offY":0,"sourceW":48,"sourceH":63},"nn.card_102":{"x":1147,"y":1130,"w":48,"h":63,"offX":0,"offY":0,"sourceW":48,"sourceH":63},"nn.card_103":{"x":1097,"y":1130,"w":48,"h":63,"offX":0,"offY":0,"sourceW":48,"sourceH":63},"nn.card_104":{"x":1250,"y":1122,"w":48,"h":63,"offX":0,"offY":0,"sourceW":48,"sourceH":63},"nn.card_105":{"x":1200,"y":1122,"w":48,"h":63,"offX":0,"offY":0,"sourceW":48,"sourceH":63},"nn.card_106":{"x":1638,"y":1115,"w":48,"h":63,"offX":0,"offY":0,"sourceW":48,"sourceH":63},"nn.card_107":{"x":1588,"y":1115,"w":48,"h":63,"offX":0,"offY":0,"sourceW":48,"sourceH":63},"nn.card_108":{"x":1538,"y":1115,"w":48,"h":63,"offX":0,"offY":0,"sourceW":48,"sourceH":63},"nn.card_109":{"x":1488,"y":1115,"w":48,"h":63,"offX":0,"offY":0,"sourceW":48,"sourceH":63},"nn.card_110":{"x":1798,"y":1112,"w":48,"h":63,"offX":0,"offY":0,"sourceW":48,"sourceH":63},"nn.card_111":{"x":200,"y":1198,"w":48,"h":63,"offX":0,"offY":0,"sourceW":48,"sourceH":63},"nn.card_112":{"x":150,"y":1198,"w":48,"h":63,"offX":0,"offY":0,"sourceW":48,"sourceH":63},"nn.card_113":{"x":100,"y":1198,"w":48,"h":63,"offX":0,"offY":0,"sourceW":48,"sourceH":63},"nn.card_201":{"x":50,"y":1198,"w":48,"h":63,"offX":0,"offY":0,"sourceW":48,"sourceH":63},"nn.card_202":{"x":0,"y":1198,"w":48,"h":63,"offX":0,"offY":0,"sourceW":48,"sourceH":63},"nn.card_203":{"x":1002,"y":1196,"w":48,"h":63,"offX":0,"offY":0,"sourceW":48,"sourceH":63},"nn.card_204":{"x":952,"y":1196,"w":48,"h":63,"offX":0,"offY":0,"sourceW":48,"sourceH":63},"nn.card_205":{"x":902,"y":1196,"w":48,"h":63,"offX":0,"offY":0,"sourceW":48,"sourceH":63},"nn.card_206":{"x":852,"y":1196,"w":48,"h":63,"offX":0,"offY":0,"sourceW":48,"sourceH":63},"nn.card_207":{"x":802,"y":1196,"w":48,"h":63,"offX":0,"offY":0,"sourceW":48,"sourceH":63},"nn.card_208":{"x":752,"y":1196,"w":48,"h":63,"offX":0,"offY":0,"sourceW":48,"sourceH":63},"nn.card_209":{"x":702,"y":1196,"w":48,"h":63,"offX":0,"offY":0,"sourceW":48,"sourceH":63},"nn.card_210":{"x":1110,"y":1195,"w":48,"h":63,"offX":0,"offY":0,"sourceW":48,"sourceH":63},"nn.card_211":{"x":1060,"y":1195,"w":48,"h":63,"offX":0,"offY":0,"sourceW":48,"sourceH":63},"nn.card_212":{"x":1247,"y":1187,"w":48,"h":63,"offX":0,"offY":0,"sourceW":48,"sourceH":63},"nn.card_213":{"x":1197,"y":1187,"w":48,"h":63,"offX":0,"offY":0,"sourceW":48,"sourceH":63},"nn.card_301":{"x":1600,"y":1180,"w":48,"h":63,"offX":0,"offY":0,"sourceW":48,"sourceH":63},"nn.card_302":{"x":1550,"y":1180,"w":48,"h":63,"offX":0,"offY":0,"sourceW":48,"sourceH":63},"nn.card_303":{"x":1500,"y":1180,"w":48,"h":63,"offX":0,"offY":0,"sourceW":48,"sourceH":63},"nn.card_304":{"x":1450,"y":1180,"w":48,"h":63,"offX":0,"offY":0,"sourceW":48,"sourceH":63},"nn.card_305":{"x":1788,"y":1177,"w":48,"h":63,"offX":0,"offY":0,"sourceW":48,"sourceH":63},"nn.card_306":{"x":652,"y":1171,"w":48,"h":63,"offX":0,"offY":0,"sourceW":48,"sourceH":63},"nn.card_307":{"x":1400,"y":1160,"w":48,"h":63,"offX":0,"offY":0,"sourceW":48,"sourceH":63},"nn.card_308":{"x":1350,"y":1160,"w":48,"h":63,"offX":0,"offY":0,"sourceW":48,"sourceH":63},"nn.card_309":{"x":1300,"y":1160,"w":48,"h":63,"offX":0,"offY":0,"sourceW":48,"sourceH":63},"nn.card_310":{"x":1738,"y":1157,"w":48,"h":63,"offX":0,"offY":0,"sourceW":48,"sourceH":63},"nn.card_311":{"x":1688,"y":1157,"w":48,"h":63,"offX":0,"offY":0,"sourceW":48,"sourceH":63},"nn.card_312":{"x":1998,"y":1156,"w":48,"h":63,"offX":0,"offY":0,"sourceW":48,"sourceH":63},"nn.card_313":{"x":1948,"y":1156,"w":48,"h":63,"offX":0,"offY":0,"sourceW":48,"sourceH":63},"nn.card_401":{"x":1898,"y":1156,"w":48,"h":63,"offX":0,"offY":0,"sourceW":48,"sourceH":63},"nn.card_402":{"x":1848,"y":1156,"w":48,"h":63,"offX":0,"offY":0,"sourceW":48,"sourceH":63},"nn.card_403":{"x":602,"y":1145,"w":48,"h":63,"offX":0,"offY":0,"sourceW":48,"sourceH":63},"nn.card_404":{"x":552,"y":1145,"w":48,"h":63,"offX":0,"offY":0,"sourceW":48,"sourceH":63},"nn.card_405":{"x":502,"y":1145,"w":48,"h":63,"offX":0,"offY":0,"sourceW":48,"sourceH":63},"nn.card_406":{"x":452,"y":1145,"w":48,"h":63,"offX":0,"offY":0,"sourceW":48,"sourceH":63},"nn.card_407":{"x":402,"y":1145,"w":48,"h":63,"offX":0,"offY":0,"sourceW":48,"sourceH":63},"nn.card_408":{"x":352,"y":1145,"w":48,"h":63,"offX":0,"offY":0,"sourceW":48,"sourceH":63},"nn.card_409":{"x":1010,"y":1131,"w":48,"h":63,"offX":0,"offY":0,"sourceW":48,"sourceH":63},"nn.card_410":{"x":960,"y":1131,"w":48,"h":63,"offX":0,"offY":0,"sourceW":48,"sourceH":63},"nn.card_411":{"x":910,"y":1131,"w":48,"h":63,"offX":0,"offY":0,"sourceW":48,"sourceH":63},"nn.card_412":{"x":860,"y":1131,"w":48,"h":63,"offX":0,"offY":0,"sourceW":48,"sourceH":63},"nn.card_413":{"x":810,"y":1131,"w":48,"h":63,"offX":0,"offY":0,"sourceW":48,"sourceH":63},"nn.a3":{"x":1071,"y":732,"w":96,"h":90,"offX":0,"offY":0,"sourceW":96,"sourceH":90},"nn.a4":{"x":1905,"y":803,"w":96,"h":90,"offX":0,"offY":0,"sourceW":96,"sourceH":90},"nn.a5":{"x":1807,"y":803,"w":96,"h":90,"offX":0,"offY":0,"sourceW":96,"sourceH":90},"nn.a6":{"x":1169,"y":732,"w":96,"h":90,"offX":0,"offY":0,"sourceW":96,"sourceH":90},"nn.a7":{"x":1229,"y":1039,"w":98,"h":46,"offX":0,"offY":0,"sourceW":99,"sourceH":46},"nn.a8":{"x":1720,"y":1012,"w":99,"h":46,"offX":0,"offY":0,"sourceW":99,"sourceH":46},"nn.a9":{"x":1834,"y":160,"w":77,"h":45,"offX":0,"offY":0,"sourceW":77,"sourceH":45},"nn.a10":{"x":642,"y":580,"w":450,"h":2,"offX":0,"offY":0,"sourceW":450,"sourceH":2},"nn.a11":{"x":1192,"y":242,"w":386,"h":346,"offX":0,"offY":0,"sourceW":386,"sourceH":346},"nn.a12":{"x":1365,"y":874,"w":383,"h":136,"offX":0,"offY":0,"sourceW":383,"sourceH":136},"nn.a13":{"x":712,"y":1039,"w":383,"h":90,"offX":0,"offY":0,"sourceW":383,"sourceH":90},"nn.a14":{"x":977,"y":874,"w":386,"h":163,"offX":0,"offY":0,"sourceW":386,"sourceH":163},"nn.b1a":{"x":1674,"y":556,"w":26,"h":30,"offX":0,"offY":0,"sourceW":26,"sourceH":30},"nn.b2a":{"x":1915,"y":404,"w":26,"h":30,"offX":0,"offY":0,"sourceW":26,"sourceH":30},"nn.b3a":{"x":2010,"y":371,"w":26,"h":30,"offX":0,"offY":0,"sourceW":26,"sourceH":30},"nn.b4a":{"x":2010,"y":339,"w":26,"h":30,"offX":0,"offY":0,"sourceW":26,"sourceH":30},"nn.b5a":{"x":2010,"y":307,"w":26,"h":30,"offX":0,"offY":0,"sourceW":26,"sourceH":30},"nn.b6a":{"x":1702,"y":556,"w":26,"h":30,"offX":0,"offY":0,"sourceW":26,"sourceH":30},"nn.bankerbg":{"x":1580,"y":454,"w":382,"h":100,"offX":0,"offY":0,"sourceW":398,"sourceH":100},"nn.baocaijin":{"x":1284,"y":724,"w":521,"h":148,"offX":4,"offY":11,"sourceW":529,"sourceH":159},"nn.baozhuang":{"x":642,"y":0,"w":548,"h":533,"offX":0,"offY":0,"sourceW":548,"sourceH":533},"nn.bg":{"x":0,"y":0,"w":640,"h":994,"offX":0,"offY":0,"sourceW":640,"sourceH":994},"nn.bottom":{"x":1284,"y":590,"w":640,"h":132,"offX":0,"offY":1,"sourceW":640,"sourceH":133},"nn.btnbox":{"x":1926,"y":653,"w":120,"h":49,"offX":0,"offY":0,"sourceW":120,"sourceH":49},"nn.btncardtype":{"x":664,"y":1100,"w":44,"h":69,"offX":0,"offY":0,"sourceW":45,"sourceH":69},"nn.btnchatsend":{"x":1834,"y":207,"w":69,"h":33,"offX":0,"offY":0,"sourceW":69,"sourceH":33},"nn.btnDownBanker":{"x":1097,"y":1095,"w":101,"h":33,"offX":0,"offY":0,"sourceW":101,"sourceH":33},"nn.btndownlist":{"x":2033,"y":115,"w":11,"h":7,"offX":0,"offY":0,"sourceW":11,"sourceH":7},"nn.btnemoji":{"x":2003,"y":71,"w":42,"h":42,"offX":0,"offY":0,"sourceW":42,"sourceH":42},"nn.btnhistory":{"x":2003,"y":0,"w":38,"h":69,"offX":0,"offY":0,"sourceW":38,"sourceH":69}}}