{"SubTexture":[{"frameHeight":828,"y":1,"frameWidth":1472,"frameX":-64,"width":206,"frameY":-619,"height":47,"name":"qiangzhuangniuniu_4","x":209},{"frameHeight":828,"y":197,"frameWidth":1472,"frameX":-64,"width":206,"frameY":-619,"height":47,"name":"qiangzhuangniuniu_3","x":1},{"frameHeight":828,"y":197,"frameWidth":1472,"frameX":-64,"width":206,"frameY":-619,"height":47,"name":"qiangzhuangniuniu_10","x":209},{"frameHeight":828,"y":246,"frameWidth":1472,"frameX":-64,"width":206,"frameY":-619,"height":47,"name":"qiangzhuangniuniu_8","x":209},{"frameHeight":828,"y":148,"frameWidth":1472,"frameX":-64,"width":206,"frameY":-619,"height":47,"name":"qiangzhuangniuniu_7","x":209},{"frameHeight":828,"y":1,"frameWidth":1472,"frameX":-64,"width":206,"frameY":-619,"height":47,"name":"qiangzhuangniuniu_11","x":1},{"frameHeight":828,"y":148,"frameWidth":1472,"frameX":-64,"width":206,"frameY":-619,"height":47,"name":"qiangzhuangniuniu_9","x":1},{"frameHeight":828,"y":246,"frameWidth":1472,"frameX":-64,"width":206,"frameY":-619,"height":47,"name":"qiangzhuangniuniu_0","x":1},{"frameHeight":828,"y":99,"frameWidth":1472,"frameX":-64,"width":206,"frameY":-619,"height":47,"name":"qiangzhuangniuniu_5","x":209},{"frameHeight":828,"y":50,"frameWidth":1472,"frameX":-64,"width":206,"frameY":-619,"height":47,"name":"qiangzhuangniuniu_2","x":1},{"frameHeight":828,"y":99,"frameWidth":1472,"frameX":-64,"width":206,"frameY":-619,"height":47,"name":"qiangzhuangniuniu_6","x":1},{"frameHeight":828,"y":50,"frameWidth":1472,"frameX":-64,"width":206,"frameY":-619,"height":47,"name":"qiangzhuangniuniu_1","x":209}],"width":512,"imagePath":"bg_qiangzhuangniuniu_tex.png","height":512,"name":"bg_qiangzhuangniuniu"}