{"file":"lobby.png","frames":{"shoppingmall_1":{"x":1750,"y":329,"w":222,"h":105,"offX":17,"offY":5,"sourceW":254,"sourceH":120},"Font_dating_majianglei1":{"x":1284,"y":419,"w":157,"h":54,"offX":52,"offY":13,"sourceW":260,"sourceH":80},"shoppingmall_0":{"x":673,"y":299,"w":222,"h":105,"offX":17,"offY":5,"sourceW":254,"sourceH":120},"Font_dating_majianglei":{"x":690,"y":474,"w":118,"h":42,"offX":73,"offY":18,"sourceW":260,"sourceH":80},"generalize":{"x":897,"y":358,"w":235,"h":92,"offX":37,"offY":14,"sourceW":311,"sourceH":119},"btn_challenge_0":{"x":269,"y":406,"w":148,"h":66,"offX":2,"offY":2,"sourceW":154,"sourceH":76},"game_class_bg":{"x":1475,"y":1,"w":273,"h":482,"offX":3,"offY":1,"sourceW":276,"sourceH":483},"topup_1":{"x":225,"y":299,"w":222,"h":105,"offX":17,"offY":5,"sourceW":254,"sourceH":120},"btn_set_0":{"x":1720,"y":491,"w":101,"h":36,"offX":29,"offY":19,"sourceW":154,"sourceH":76},"topup_0":{"x":1,"y":299,"w":222,"h":105,"offX":17,"offY":5,"sourceW":254,"sourceH":120},"btn_game_bg":{"x":1750,"y":229,"w":263,"h":98,"offX":0,"offY":0,"sourceW":263,"sourceH":98},"trumpet":{"x":1999,"y":1,"w":32,"h":32,"offX":0,"offY":0,"sourceW":32,"sourceH":32},"btn_welfare_1":{"x":1,"y":458,"w":137,"h":60,"offX":9,"offY":8,"sourceW":154,"sourceH":76},"btn_info_0":{"x":1823,"y":494,"w":106,"h":30,"offX":24,"offY":22,"sourceW":154,"sourceH":76},"btn_kefu_1":{"x":1911,"y":436,"w":136,"h":56,"offX":0,"offY":1,"sourceW":136,"sourceH":64},"game_class_bg1":{"x":1,"y":406,"w":266,"h":50,"offX":6,"offY":0,"sourceW":276,"sourceH":50},"head_icon":{"x":1337,"y":251,"w":95,"h":93,"offX":1,"offY":4,"sourceW":100,"sourceH":100},"title_bg":{"x":1,"y":251,"w":1110,"h":46,"offX":0,"offY":0,"sourceW":1140,"sourceH":46},"btn_challenge_1":{"x":419,"y":406,"w":148,"h":66,"offX":2,"offY":2,"sourceW":154,"sourceH":76},"Font_dating_youxilei1":{"x":1750,"y":436,"w":159,"h":53,"offX":50,"offY":14,"sourceW":260,"sourceH":80},"Font_dating_pukelei1":{"x":853,"y":452,"w":157,"h":53,"offX":52,"offY":14,"sourceW":260,"sourceH":80},"Font_dating_pukelei":{"x":1012,"y":452,"w":119,"h":42,"offX":72,"offY":18,"sourceW":260,"sourceH":80},"btn_set_1":{"x":140,"y":474,"w":130,"h":53,"offX":1,"offY":4,"sourceW":133,"sourceH":60},"Bg_dating_qiehuanzhuangshi":{"x":1133,"y":482,"w":267,"h":16,"offX":96,"offY":0,"sourceW":432,"sourceH":16},"generalize_0":{"x":1113,"y":251,"w":222,"h":105,"offX":17,"offY":5,"sourceW":254,"sourceH":120},"Font_dating_remenwanfa1":{"x":897,"y":299,"w":211,"h":54,"offX":25,"offY":14,"sourceW":260,"sourceH":80},"generalize_1":{"x":449,"y":299,"w":222,"h":105,"offX":17,"offY":5,"sourceW":254,"sourceH":120},"btn_info_1":{"x":431,"y":474,"w":136,"h":42,"offX":0,"offY":10,"sourceW":136,"sourceH":64},"v":{"x":1974,"y":329,"w":70,"h":69,"offX":6,"offY":8,"sourceW":80,"sourceH":80},"Font_dating_youxilei":{"x":569,"y":474,"w":119,"h":42,"offX":72,"offY":18,"sourceW":260,"sourceH":80},"btn_xuanzhe_1":{"x":711,"y":406,"w":140,"h":66,"offX":7,"offY":6,"sourceW":154,"sourceH":76},"btn_xuanzhe_0":{"x":569,"y":406,"w":140,"h":66,"offX":7,"offY":6,"sourceW":154,"sourceH":76},"btn_safebox_1":{"x":1134,"y":419,"w":148,"h":61,"offX":5,"offY":7,"sourceW":154,"sourceH":76},"btn_kefu_0":{"x":1513,"y":485,"w":106,"h":42,"offX":24,"offY":16,"sourceW":154,"sourceH":76},"ding":{"x":1,"y":144,"w":1472,"h":105,"offX":0,"offY":0,"sourceW":1472,"sourceH":106},"topup":{"x":1750,"y":115,"w":246,"h":112,"offX":4,"offY":1,"sourceW":250,"sourceH":115},"di_bg":{"x":1,"y":1,"w":1472,"h":141,"offX":0,"offY":1,"sourceW":1472,"sourceH":142},"coin_bg":{"x":1134,"y":358,"w":303,"h":59,"offX":0,"offY":2,"sourceW":304,"sourceH":62},"shoppingmall":{"x":1750,"y":1,"w":247,"h":112,"offX":5,"offY":1,"sourceW":254,"sourceH":119},"btn_safebox_0":{"x":1402,"y":485,"w":109,"h":41,"offX":26,"offY":18,"sourceW":154,"sourceH":76},"btn_welfare_0":{"x":1621,"y":485,"w":97,"h":40,"offX":27,"offY":15,"sourceW":154,"sourceH":76},"Font_dating_remenwanfa":{"x":272,"y":474,"w":157,"h":43,"offX":53,"offY":17,"sourceW":260,"sourceH":80}}}