{"armature":[{"slot":[{"name":"qiangzhuangniuniu","parent":"qiangzhuangniuniu","color":{}}],"type":"Armature","name":"armatureName","bone":[{"transform":{},"name":"root"},{"length":287,"transform":{"y":112.15,"skX":-88.2746,"skY":-88.2746,"x":-510.15},"parent":"root","name":"qiangzhuangniuniu"}],"skin":[{"name":"","slot":[{"display":[{"userEdges":[],"edges":[0,1,1,3,3,2,2,0],"type":"mesh","vertices":[-174.5,-272.5,174.5,-272.5,-174.5,272.5,174.5,272.5,94.2,-90.25,36.3,-90.25,58.45,-6.45,43.65,-128.45,-131.3,-122.25,-122.7,-23.7,132.4,47.8],"transform":{"y":-26.4302,"skX":88.2746,"skY":88.2746,"x":101.9004},"uvs":[0,0,1,0,0,1,1,1,0.76991,0.3344,0.60401,0.3344,0.66748,0.48817,0.62507,0.26431,0.12378,0.27569,0.14842,0.45651,0.87937,0.58771],"path":"qiangzhuangniuniu","triangles":[6,2,10,4,6,10,0,7,1,7,4,1,4,10,1,10,2,3,1,10,3,9,2,6,5,6,4,7,5,4,0,8,7,5,9,6,8,5,7,8,9,5,8,0,9,0,2,9],"height":545,"name":"qiangzhuangniuniu","width":349}],"name":"qiangzhuangniuniu"}]}],"ik":[],"aabb":{"width":349,"y":-263,"height":545,"x":-708},"animation":[{"ik":[],"playTimes":0,"frame":[],"ffd":[{"frame":[{"duration":30,"offset":0,"vertices":[],"tweenEasing":0},{"duration":24,"offset":8,"vertices":[3.3,-3.4,-2,-7.5,0,-4,-0.05,-1.4,0,0,0,0,0,0],"tweenEasing":0},{"duration":0,"offset":0,"vertices":[],"tweenEasing":null}],"slot":"qiangzhuangniuniu","scale":1,"offset":0,"name":"qiangzhuangniuniu","skin":""}],"duration":54,"slot":[],"name":"newAnimation","bone":[{"frame":[{"duration":54,"transform":{}}],"name":"root"},{"frame":[{"duration":54,"transform":{}}],"name":"qiangzhuangniuniu"}]}],"frameRate":24,"defaultActions":[{"gotoAndPlay":"newAnimation"}]}],"frameRate":24,"name":"qznn_rukou","version":"5.0","isGlobal":0}