{"file":"tip.png","frames":{
"waiting":{"x":184,"y":388,"w":181,"h":43,"offX":33,"offY":34,"sourceW":247,"sourceH":112},
"tigerWin":{"x":1,"y":229,"w":247,"h":112,"offX":0,"offY":0,"sourceW":247,"sourceH":112},
"playerWin":{"x":250,"y":229,"w":241,"h":112,"offX":6,"offY":0,"sourceW":247,"sourceH":112},
"betSuccess":{"x":1,"y":388,"w":181,"h":43,"offX":33,"offY":34,"sourceW":247,"sourceH":112},
"betStart":{"x":185,"y":343,"w":182,"h":43,"offX":32,"offY":34,"sourceW":247,"sourceH":112},
"shuffling":{"x":1,"y":433,"w":169,"h":43,"offX":32,"offY":34,"sourceW":247,"sourceH":112},
"betStop":{"x":1,"y":343,"w":182,"h":43,"offX":32,"offY":34,"sourceW":247,"sourceH":112},
"bankerWin":{"x":250,"y":115,"w":247,"h":112,"offX":0,"offY":0,"sourceW":247,"sourceH":112},
"weihuzhong":{"x":172,"y":433,"w":169,"h":43,"offX":32,"offY":34,"sourceW":247,"sourceH":112},
"DragonWin":{"x":1,"y":115,"w":247,"h":112,"offX":0,"offY":0,"sourceW":247,"sourceH":112},
"tieWin":{"x":250,"y":1,"w":247,"h":112,"offX":0,"offY":0,"sourceW":247,"sourceH":112},
"noBet":{"x":1,"y":1,"w":247,"h":112,"offX":0,"offY":0,"sourceW":247,"sourceH":112}}}