{"file":"gamelog.png","frames":{
"cx_normal":{"x":714,"y":137,"w":61,"h":41,"offX":0,"offY":0,"sourceW":61,"sourceH":41},
"cz_linght":{"x":869,"y":1,"w":120,"h":47,"offX":0,"offY":0,"sourceW":120,"sourceH":47},
"cz_normal":{"x":747,"y":1,"w":120,"h":47,"offX":0,"offY":0,"sourceW":120,"sourceH":47},
"hytx_bg":{"x":468,"y":1,"w":181,"h":182,"offX":0,"offY":0,"sourceW":181,"sourceH":182},
"cxlb_bg":{"x":285,"y":185,"w":540,"h":44,"offX":0,"offY":0,"sourceW":540,"sourceH":44},
"cx_light":{"x":651,"y":133,"w":61,"h":41,"offX":0,"offY":0,"sourceW":61,"sourceH":41},
"xxan_normal":{"x":991,"y":24,"w":21,"h":21,"offX":0,"offY":0,"sourceW":21,"sourceH":21},
"xxan_light":{"x":991,"y":1,"w":21,"h":21,"offX":0,"offY":0,"sourceW":21,"sourceH":21},
"hy_bg":{"x":285,"y":1,"w":181,"h":182,"offX":0,"offY":0,"sourceW":181,"sourceH":182},
"bg":{"x":1,"y":1,"w":282,"h":283,"offX":0,"offY":0,"sourceW":282,"sourceH":283},
"data_bg":{"x":651,"y":1,"w":94,"h":84,"offX":0,"offY":0,"sourceW":94,"sourceH":84},
"dataqd_light":{"x":747,"y":50,"w":120,"h":39,"offX":0,"offY":0,"sourceW":120,"sourceH":39},
"dataqd_normal":{"x":869,"y":50,"w":120,"h":39,"offX":0,"offY":0,"sourceW":120,"sourceH":39},
"rebtn_light":{"x":823,"y":91,"w":84,"h":44,"offX":0,"offY":0,"sourceW":84,"sourceH":44},
"rebtn_normal":{"x":737,"y":91,"w":84,"h":44,"offX":0,"offY":0,"sourceW":84,"sourceH":44},
"addbtn_light":{"x":651,"y":87,"w":84,"h":44,"offX":0,"offY":0,"sourceW":84,"sourceH":44},
"addbtn_normal":{"x":909,"y":91,"w":84,"h":44,"offX":0,"offY":0,"sourceW":84,"sourceH":44}}}