{"file":"gamehall.png","frames":{
"nnxtag":{"x":1814,"y":634,"w":100,"h":80,"offX":0,"offY":0,"sourceW":100,"sourceH":80},
"bacRouteMask":{"x":1,"y":415,"w":540,"h":180,"offX":0,"offY":0,"sourceW":540,"sourceH":180},
"clickSelect2":{"x":1272,"y":622,"w":538,"h":45,"offX":0,"offY":0,"sourceW":538,"sourceH":45},
"routeGesture":{"x":543,"y":299,"w":540,"h":241,"offX":0,"offY":0,"sourceW":540,"sourceH":241},
"btnBgBig_light":{"x":1394,"y":711,"w":120,"h":43,"offX":0,"offY":0,"sourceW":120,"sourceH":43},
"btnBgBig":{"x":1272,"y":711,"w":120,"h":43,"offX":0,"offY":0,"sourceW":120,"sourceH":43},
"tab_bg":{"x":1272,"y":669,"w":540,"h":40,"offX":0,"offY":0,"sourceW":540,"sourceH":40},
"wl2_light":{"x":1603,"y":711,"w":90,"h":34,"offX":0,"offY":0,"sourceW":90,"sourceH":34},
"changeTiao":{"x":1272,"y":581,"w":304,"h":35,"offX":0,"offY":0,"sourceW":304,"sourceH":35},
"clickSelect":{"x":1,"y":654,"w":538,"h":45,"offX":0,"offY":0,"sourceW":538,"sourceH":45},
"nntitilebg":{"x":1,"y":597,"w":540,"h":55,"offX":0,"offY":0,"sourceW":540,"sourceH":55},
"charge_bg":{"x":1627,"y":261,"w":347,"h":197,"offX":0,"offY":0,"sourceW":347,"sourceH":197},
"hallTableRoad":{"x":543,"y":1,"w":540,"h":296,"offX":0,"offY":0,"sourceW":540,"sourceH":296},
"coinsElectedRing":{"x":1890,"y":460,"w":90,"h":90,"offX":0,"offY":0,"sourceW":90,"sourceH":90},
"change_normal":{"x":1916,"y":634,"w":120,"h":47,"offX":0,"offY":0,"sourceW":120,"sourceH":47},
"changeAlertBg":{"x":1627,"y":1,"w":390,"h":258,"offX":0,"offY":0,"sourceW":390,"sourceH":258},
"wl2_normal":{"x":1695,"y":711,"w":90,"h":34,"offX":0,"offY":0,"sourceW":90,"sourceH":34},
"wl_normal":{"x":542,"y":721,"w":90,"h":34,"offX":0,"offY":0,"sourceW":90,"sourceH":34},
"btnBg_light":{"x":455,"y":701,"w":85,"h":39,"offX":0,"offY":0,"sourceW":85,"sourceH":39},
"switchTableRoad":{"x":1627,"y":460,"w":261,"h":160,"offX":0,"offY":0,"sourceW":261,"sourceH":160},
"tablesmake":{"x":1085,"y":294,"w":540,"h":285,"offX":0,"offY":0,"sourceW":540,"sourceH":285},
"btnBg_normal":{"x":1516,"y":711,"w":85,"h":39,"offX":0,"offY":0,"sourceW":85,"sourceH":39},
"tableBg":{"x":1085,"y":1,"w":540,"h":291,"offX":0,"offY":0,"sourceW":540,"sourceH":291},
"wl_light":{"x":1787,"y":716,"w":90,"h":34,"offX":0,"offY":0,"sourceW":90,"sourceH":34},
"totalIco":{"x":2019,"y":1,"w":10,"h":13,"offX":0,"offY":0,"sourceW":10,"sourceH":13},
"menu_bg":{"x":1085,"y":581,"w":185,"h":191,"offX":0,"offY":0,"sourceW":185,"sourceH":191},
"nnztag":{"x":1890,"y":552,"w":100,"h":80,"offX":0,"offY":0,"sourceW":100,"sourceH":80},
"change_light":{"x":1916,"y":683,"w":120,"h":47,"offX":0,"offY":0,"sourceW":120,"sourceH":47},
"totalBet":{"x":1,"y":701,"w":226,"h":29,"offX":0,"offY":0,"sourceW":226,"sourceH":29},
"clock":{"x":1976,"y":261,"w":51,"h":58,"offX":4,"offY":2,"sourceW":60,"sourceH":60},
"nntablebg":{"x":543,"y":542,"w":540,"h":177,"offX":0,"offY":0,"sourceW":540,"sourceH":177},
"moneyLable":{"x":1976,"y":321,"w":62,"h":26,"offX":0,"offY":0,"sourceW":62,"sourceH":26},
"balance":{"x":229,"y":701,"w":224,"h":28,"offX":0,"offY":0,"sourceW":224,"sourceH":28},
"gameTableBG":{"x":1,"y":1,"w":540,"h":412,"offX":0,"offY":0,"sourceW":540,"sourceH":412}}}