{"file":"gameCard.png","frames":{
"card_10A":{"x":643,"y":593,"w":105,"h":146,"offX":0,"offY":0,"sourceW":105,"sourceH":146},
"card_10B":{"x":536,"y":593,"w":105,"h":146,"offX":0,"offY":0,"sourceW":105,"sourceH":146},
"card_10C":{"x":429,"y":593,"w":105,"h":146,"offX":0,"offY":0,"sourceW":105,"sourceH":146},
"card_10D":{"x":322,"y":593,"w":105,"h":146,"offX":0,"offY":0,"sourceW":105,"sourceH":146},
"card_11A":{"x":215,"y":593,"w":105,"h":146,"offX":0,"offY":0,"sourceW":105,"sourceH":146},
"card_11B":{"x":108,"y":593,"w":105,"h":146,"offX":0,"offY":0,"sourceW":105,"sourceH":146},
"card_11C":{"x":1,"y":593,"w":105,"h":146,"offX":0,"offY":0,"sourceW":105,"sourceH":146},
"card_11D":{"x":857,"y":593,"w":103,"h":146,"offX":1,"offY":0,"sourceW":105,"sourceH":146},
"card_12A":{"x":857,"y":445,"w":105,"h":146,"offX":0,"offY":0,"sourceW":105,"sourceH":146},
"card_12B":{"x":750,"y":445,"w":105,"h":146,"offX":0,"offY":0,"sourceW":105,"sourceH":146},
"card_12C":{"x":643,"y":445,"w":105,"h":146,"offX":0,"offY":0,"sourceW":105,"sourceH":146},
"card_12D":{"x":536,"y":445,"w":105,"h":146,"offX":0,"offY":0,"sourceW":105,"sourceH":146},
"card_13A":{"x":429,"y":445,"w":105,"h":146,"offX":0,"offY":0,"sourceW":105,"sourceH":146},
"card_13B":{"x":322,"y":445,"w":105,"h":146,"offX":0,"offY":0,"sourceW":105,"sourceH":146},
"card_13C":{"x":750,"y":740,"w":103,"h":146,"offX":1,"offY":0,"sourceW":105,"sourceH":146},
"card_13D":{"x":526,"y":741,"w":103,"h":146,"offX":1,"offY":0,"sourceW":105,"sourceH":146},
"card_back":{"x":631,"y":741,"w":105,"h":142,"offX":0,"offY":0,"sourceW":105,"sourceH":142},
"card_1A":{"x":421,"y":741,"w":103,"h":146,"offX":1,"offY":0,"sourceW":105,"sourceH":146},
"card_1B":{"x":316,"y":741,"w":103,"h":146,"offX":1,"offY":0,"sourceW":105,"sourceH":146},
"card_1C":{"x":215,"y":445,"w":105,"h":146,"offX":0,"offY":0,"sourceW":105,"sourceH":146},
"card_1D":{"x":750,"y":593,"w":105,"h":145,"offX":0,"offY":0,"sourceW":105,"sourceH":145},
"card_2A":{"x":108,"y":445,"w":105,"h":146,"offX":0,"offY":0,"sourceW":105,"sourceH":146},
"card_2B":{"x":1,"y":445,"w":105,"h":146,"offX":0,"offY":0,"sourceW":105,"sourceH":146},
"card_2C":{"x":857,"y":297,"w":105,"h":146,"offX":0,"offY":0,"sourceW":105,"sourceH":146},
"card_2D":{"x":750,"y":297,"w":105,"h":146,"offX":0,"offY":0,"sourceW":105,"sourceH":146},
"card_3A":{"x":643,"y":297,"w":105,"h":146,"offX":0,"offY":0,"sourceW":105,"sourceH":146},
"card_3B":{"x":106,"y":741,"w":103,"h":146,"offX":1,"offY":0,"sourceW":105,"sourceH":146},
"card_3C":{"x":536,"y":297,"w":105,"h":146,"offX":0,"offY":0,"sourceW":105,"sourceH":146},
"card_3D":{"x":429,"y":297,"w":105,"h":146,"offX":0,"offY":0,"sourceW":105,"sourceH":146},
"card_4A":{"x":322,"y":297,"w":105,"h":146,"offX":0,"offY":0,"sourceW":105,"sourceH":146},
"card_4B":{"x":215,"y":297,"w":105,"h":146,"offX":0,"offY":0,"sourceW":105,"sourceH":146},
"card_4C":{"x":108,"y":297,"w":105,"h":146,"offX":0,"offY":0,"sourceW":105,"sourceH":146},
"card_4D":{"x":1,"y":297,"w":105,"h":146,"offX":0,"offY":0,"sourceW":105,"sourceH":146},
"card_5A":{"x":857,"y":149,"w":105,"h":146,"offX":0,"offY":0,"sourceW":105,"sourceH":146},
"card_5B":{"x":750,"y":149,"w":105,"h":146,"offX":0,"offY":0,"sourceW":105,"sourceH":146},
"card_5C":{"x":643,"y":149,"w":105,"h":146,"offX":0,"offY":0,"sourceW":105,"sourceH":146},
"card_5D":{"x":536,"y":149,"w":105,"h":146,"offX":0,"offY":0,"sourceW":105,"sourceH":146},
"card_6A":{"x":429,"y":149,"w":105,"h":146,"offX":0,"offY":0,"sourceW":105,"sourceH":146},
"card_6B":{"x":322,"y":149,"w":105,"h":146,"offX":0,"offY":0,"sourceW":105,"sourceH":146},
"card_6C":{"x":215,"y":149,"w":105,"h":146,"offX":0,"offY":0,"sourceW":105,"sourceH":146},
"card_6D":{"x":108,"y":149,"w":105,"h":146,"offX":0,"offY":0,"sourceW":105,"sourceH":146},
"card_7A":{"x":1,"y":149,"w":105,"h":146,"offX":0,"offY":0,"sourceW":105,"sourceH":146},
"card_7B":{"x":857,"y":1,"w":105,"h":146,"offX":0,"offY":0,"sourceW":105,"sourceH":146},
"card_7C":{"x":750,"y":1,"w":105,"h":146,"offX":0,"offY":0,"sourceW":105,"sourceH":146},
"card_7D":{"x":643,"y":1,"w":105,"h":146,"offX":0,"offY":0,"sourceW":105,"sourceH":146},
"card_8A":{"x":536,"y":1,"w":105,"h":146,"offX":0,"offY":0,"sourceW":105,"sourceH":146},
"card_8B":{"x":429,"y":1,"w":105,"h":146,"offX":0,"offY":0,"sourceW":105,"sourceH":146},
"card_8C":{"x":322,"y":1,"w":105,"h":146,"offX":0,"offY":0,"sourceW":105,"sourceH":146},
"card_8D":{"x":215,"y":1,"w":105,"h":146,"offX":0,"offY":0,"sourceW":105,"sourceH":146},
"card_9A":{"x":108,"y":1,"w":105,"h":146,"offX":0,"offY":0,"sourceW":105,"sourceH":146},
"card_9B":{"x":1,"y":1,"w":105,"h":146,"offX":0,"offY":0,"sourceW":105,"sourceH":146},
"card_9C":{"x":1,"y":741,"w":103,"h":146,"offX":1,"offY":0,"sourceW":105,"sourceH":146},
"card_9D":{"x":211,"y":741,"w":103,"h":146,"offX":1,"offY":0,"sourceW":105,"sourceH":146}}}