{"file":"gamePearlWorld.png","frames":{
"dyWord":{"x":166,"y":1,"w":160,"h":52,"offX":0,"offY":0,"sourceW":160,"sourceH":52},
"jyWord":{"x":328,"y":54,"w":156,"h":51,"offX":0,"offY":0,"sourceW":156,"sourceH":51},
"sxWord":{"x":328,"y":1,"w":159,"h":51,"offX":0,"offY":0,"sourceW":159,"sourceH":51},
"xlWord":{"x":109,"y":55,"w":105,"h":51,"offX":0,"offY":0,"sourceW":105,"sourceH":51},
"zpWord":{"x":1,"y":1,"w":163,"h":52,"offX":0,"offY":0,"sourceW":163,"sourceH":52},
"dlWord":{"x":1,"y":55,"w":106,"h":51,"offX":0,"offY":0,"sourceW":106,"sourceH":51}}}