{"file":"gameRoadPearl.png","frames":{
"zhupanGRoad6":{"x":43,"y":169,"w":40,"h":40,"offX":0,"offY":0,"sourceW":40,"sourceH":40},
"zhupanGRoad7":{"x":1,"y":169,"w":40,"h":40,"offX":0,"offY":0,"sourceW":40,"sourceH":40},
"zhupanGRoad8":{"x":85,"y":127,"w":40,"h":40,"offX":0,"offY":0,"sourceW":40,"sourceH":40},
"zhupanGRoad9":{"x":43,"y":127,"w":40,"h":40,"offX":0,"offY":0,"sourceW":40,"sourceH":40},
"zhupanGRoad10":{"x":1,"y":127,"w":40,"h":40,"offX":0,"offY":0,"sourceW":40,"sourceH":40},
"zhupanGRoad11":{"x":85,"y":85,"w":40,"h":40,"offX":0,"offY":0,"sourceW":40,"sourceH":40},
"zhupanGRoad12":{"x":43,"y":85,"w":40,"h":40,"offX":0,"offY":0,"sourceW":40,"sourceH":40},
"zhupanGRoad13":{"x":1,"y":85,"w":40,"h":40,"offX":0,"offY":0,"sourceW":40,"sourceH":40},
"zhupanGRoad14":{"x":85,"y":43,"w":40,"h":40,"offX":0,"offY":0,"sourceW":40,"sourceH":40},
"bigEyeGRoad1":{"x":107,"y":169,"w":20,"h":20,"offX":0,"offY":0,"sourceW":20,"sourceH":20},
"bigEyeGRoad2":{"x":85,"y":169,"w":20,"h":20,"offX":0,"offY":0,"sourceW":20,"sourceH":20},
"bigGRoad1":{"x":23,"y":233,"w":20,"h":20,"offX":0,"offY":0,"sourceW":20,"sourceH":20},
"bigGRoad2":{"x":1,"y":233,"w":20,"h":20,"offX":0,"offY":0,"sourceW":20,"sourceH":20},
"hexianG":{"x":89,"y":213,"w":20,"h":20,"offX":0,"offY":0,"sourceW":20,"sourceH":20},
"sanxingGRoad1":{"x":67,"y":213,"w":20,"h":20,"offX":0,"offY":0,"sourceW":20,"sourceH":20},
"sanxingGRoad2":{"x":45,"y":211,"w":20,"h":20,"offX":0,"offY":0,"sourceW":20,"sourceH":20},
"smallGRoad1":{"x":23,"y":211,"w":20,"h":20,"offX":0,"offY":0,"sourceW":20,"sourceH":20},
"smallGRoad2":{"x":1,"y":211,"w":20,"h":20,"offX":0,"offY":0,"sourceW":20,"sourceH":20},
"xiaoQiangGRoad1":{"x":107,"y":191,"w":20,"h":20,"offX":0,"offY":0,"sourceW":20,"sourceH":20},
"xiaoQiangGRoad2":{"x":85,"y":191,"w":20,"h":20,"offX":0,"offY":0,"sourceW":20,"sourceH":20},
"zhupanGRoad1":{"x":43,"y":43,"w":40,"h":40,"offX":0,"offY":0,"sourceW":40,"sourceH":40},
"zhupanGRoad2":{"x":1,"y":43,"w":40,"h":40,"offX":0,"offY":0,"sourceW":40,"sourceH":40},
"zhupanGRoad3":{"x":85,"y":1,"w":40,"h":40,"offX":0,"offY":0,"sourceW":40,"sourceH":40},
"zhupanGRoad4":{"x":43,"y":1,"w":40,"h":40,"offX":0,"offY":0,"sourceW":40,"sourceH":40},
"zhupanGRoad5":{"x":1,"y":1,"w":40,"h":40,"offX":0,"offY":0,"sourceW":40,"sourceH":40}}}