{
	"groups": [
		{
			"keys": "description_json,bg_jpg,loding_json,account_btn_png,account_btn_0_png,account_btn_1_png,continue_btn_png,continue_btn_0_png,continue_btn_1_png,Input_bg_png,login_jpg,login_json,login_bg_png,login_btn_png,login_btn_0_png,login_btn_1_png,pop_ups_png,register_btn_png,register_btn_0_png,register_btn_1_png,title_login_png,title_prompt_png,verify_btn_png,verify_btn_0_png,verify_btn_1_png,visitor_btn_png,visitor_btn_0_png,visitor_btn_1_png,Bg_dating_qiehuanzhuangshi_png,Bg_img_jpg,btn_28_png,btn_baijiale_png,btn_challenge_0_png,btn_challenge_1_png,btn_game_bg_png,btn_info_0_png,btn_info_1_png,btn_jinhua_png,btn_kefu_0_png,btn_kefu_1_png,btn_niuniu_png,btn_safebox_0_png,btn_safebox_1_png,btn_set_0_png,btn_set_1_png,btn_welfare_0_png,btn_welfare_1_png,coin_bg_png,ding_png,di_bg_png,Font_dating_majianglei_png,Font_dating_majianglei1_png,Font_dating_pukelei_png,Font_dating_pukelei1_png,Font_dating_remenwanfa_png,Font_dating_remenwanfa1_png,Font_dating_youxilei_png,Font_dating_youxilei1_png,game_class_bg_png,generalize_png,generalize_0_png,generalize_1_png,head_png,shoppingmall_png,shoppingmall_0_png,shoppingmall_1_png,title_bg_png,topup_png,topup_0_png,topup_1_png,trumpet_png,v_png,loding_bg_png,bar_0_png,bar_1_png,bgMain_mp3,Special_menu_mp3",
			"name": "preload"
		},
		{
			"keys": "bacRouteBg_png,betSuccess_mp3,page_bg_jpg,gameRoadPearl_json,gamePearlWorld_json,gamehall_json,chip_json,baijiale_json,tip_json,lobby_json,longhu_json,gamelog_json,nnRouteBg_png,nnPearl_json,nnBet_json,zxnBet_json,gameCard_json",
			"name": "game"
		}
	],
	"resources": [
		{
			"url": "config/description.json",
			"type": "json",
			"name": "description_json"
		},
		{
			"url": "assets/sound/betSuccess.mp3",
			"type": "sound",
			"name": "betSuccess_mp3"
		},
		{
			"url": "assets/game/bacRouteBg.png",
			"type": "image",
			"name": "bacRouteBg_png"
		},
		{
			"url": "assets/loding/bg.jpg",
			"type": "image",
			"name": "bg_jpg"
		},
		{
			"url": "assets/lobby/page_bg.jpg",
			"type": "image",
			"name": "page_bg_jpg"
		},
		{
			"url": "assets/game/gameRoadPearl.json",
			"type": "sheet",
			"name": "gameRoadPearl_json",
			"subkeys": "bigEyeGRoad1,bigEyeGRoad2,bigGRoad1,bigGRoad2,hexianG,sanxingGRoad1,sanxingGRoad2,smallGRoad1,smallGRoad2,xiaoQiangGRoad1,xiaoQiangGRoad2,zhupanGRoad1,zhupanGRoad10,zhupanGRoad11,zhupanGRoad12,zhupanGRoad13,zhupanGRoad14,zhupanGRoad2,zhupanGRoad3,zhupanGRoad4,zhupanGRoad5,zhupanGRoad6,zhupanGRoad7,zhupanGRoad8,zhupanGRoad9"
		},
		{
			"url": "assets/game/gamePearlWorld.json",
			"type": "sheet",
			"name": "gamePearlWorld_json",
			"subkeys": "dlWord,dyWord,jyWord,sxWord,xlWord,zpWord"
		},
		{
			"url": "assets/lobby/lobby.json",
			"type": "sheet",
			"name": "lobby_json",
			"subkeys": "bjl_icon,bjl_icon2,btn_light,btn_normal,bxbg,close,freshBtn,lh_icon,lh_icon2,nn_icon,nn_icon2,rt_btn,rt_btn2,smallRoad"
		},
		{
			"url": "assets/game/gamehall.json",
			"type": "sheet",
			"name": "gamehall_json",
			"subkeys": "bacRouteMask,balance,btnBgBig,btnBgBig_light,btnBg_light,btnBg_normal,changeAlertBg,changeTiao,change_light,change_normal,charge_bg,clickSelect,clickSelect2,clock,coinsElectedRing,gameTableBG,hallTableRoad,menu_bg,moneyLable,nntablebg,nntitilebg,nnxtag,nnztag,routeGesture,switchTableRoad,tab_bg,tableBg,tablesmake,totalBet,totalIco,wl2_light,wl2_normal,wl_light,wl_normal"
		},
		{
			"url": "assets/game/baijiale/baijiale.json",
			"type": "sheet",
			"name": "baijiale_json",
			"subkeys": "bankerLight,bankerPairLight,bjl_betAreaBg,playerLight,playerPairLight,tieLight,xian_zi,xiandui_zi,zhuang_zi,zhuangdui_zi"
		},
		{
			"url": "assets/game/chip/chip.json",
			"type": "sheet",
			"name": "chip_json",
			"subkeys": "10,100,1000,10000,100000,20,200,2000,20000,50,500,5000,50000"
		},
		{
			"url": "assets/game/longhu/longhu.json",
			"type": "sheet",
			"name": "longhu_json",
			"subkeys": "dragonLight,h_zi,hu_zi,lh_betAreaBg,lh_tieLight,long_zi,tigerLight"
		},
		{
			"url": "assets/game/tip/tip.json",
			"type": "sheet",
			"name": "tip_json",
			"subkeys": "DragonWin,bankerWin,betStart,betStop,betSuccess,noBet,playerWin,shuffling,tieWin,tigerWin,waiting,weihuzhong"
		},
		{
			"url": "assets/loding/loding.json",
			"type": "sheet",
			"name": "loding_json",
			"subkeys": "ProgressBar,ProgressBarBG,ProgressBarTag,logoicon,spinner,tipsBg"
		},
		{
			"url": "assets/game/gamelog.json",
			"type": "sheet",
			"name": "gamelog_json",
			"subkeys": "addbtn_light,addbtn_normal,bg,cx_light,cx_normal,cxlb_bg,cz_linght,cz_normal,data_bg,dataqd_light,dataqd_normal,hy_bg,hytx_bg,rebtn_light,rebtn_normal,xxan_light,xxan_normal"
		},
		{
			"url": "assets/game/nnRouteBg.png",
			"type": "image",
			"name": "nnRouteBg_png"
		},
		{
			"url": "assets/game/nn/nnPearl.json",
			"type": "sheet",
			"name": "nnPearl_json",
			"subkeys": "nnblue,nngrey,nnred"
		},
		{
			"url": "assets/game/nn/nnBet.json",
			"type": "sheet",
			"name": "nnBet_json",
			"subkeys": "nn_betAreaBG,nn_betLight_a1,nn_betLight_a2,nn_betLight_a3,nn_betLight_a4,nn_betLight_b1,nn_betLight_b2,nn_betLight_b3,nn_betLight_b4,nn_betLight_c1,nn_betLight_c2,nn_betLight_c3,nn_betLight_c4"
		},
		{
			"url": "assets/game/zxn/zxnBet.json",
			"type": "sheet",
			"name": "zxnBet_json",
			"subkeys": "zx_betLight_BG,zx_betLight_a1,zx_betLight_a2,zx_betLight_a3,zx_betLight_a4,zx_betLight_a5,zx_betLight_a6,zx_betLight_a7"
		},
		{
			"url": "assets/game/gameCard.json",
			"type": "sheet",
			"name": "gameCard_json",
			"subkeys": "card_10A,card_10B,card_10C,card_10D,card_11A,card_11B,card_11C,card_11D,card_12A,card_12B,card_12C,card_12D,card_13A,card_13B,card_13C,card_13D,card_1A,card_1B,card_1C,card_1D,card_2A,card_2B,card_2C,card_2D,card_3A,card_3B,card_3C,card_3D,card_4A,card_4B,card_4C,card_4D,card_5A,card_5B,card_5C,card_5D,card_6A,card_6B,card_6C,card_6D,card_7A,card_7B,card_7C,card_7D,card_8A,card_8B,card_8C,card_8D,card_9A,card_9B,card_9C,card_9D,card_back"
		},
		{
			"name": "account_btn_png",
			"type": "image",
			"url": "assets/login/account_btn.png"
		},
		{
			"name": "account_btn_0_png",
			"type": "image",
			"url": "assets/login/account_btn_0.png"
		},
		{
			"name": "account_btn_1_png",
			"type": "image",
			"url": "assets/login/account_btn_1.png"
		},
		{
			"name": "continue_btn_png",
			"type": "image",
			"url": "assets/login/continue_btn.png"
		},
		{
			"name": "continue_btn_0_png",
			"type": "image",
			"url": "assets/login/continue_btn_0.png"
		},
		{
			"name": "continue_btn_1_png",
			"type": "image",
			"url": "assets/login/continue_btn_1.png"
		},
		{
			"name": "Input_bg_png",
			"type": "image",
			"url": "assets/login/Input_bg.png"
		},
		{
			"name": "login_jpg",
			"type": "image",
			"url": "assets/login/login.jpg"
		},
		{
			"name": "login_json",
			"type": "sheet",
			"url": "assets/login/login.json",
			"subkeys": "ChooseInt,shine,zhanghao,btnLightL,ChooseExt"
		},
		{
			"name": "login_bg_png",
			"type": "image",
			"url": "assets/login/login_bg.png"
		},
		{
			"name": "login_btn_png",
			"type": "image",
			"url": "assets/login/login_btn.png"
		},
		{
			"name": "login_btn_0_png",
			"type": "image",
			"url": "assets/login/login_btn_0.png"
		},
		{
			"name": "login_btn_1_png",
			"type": "image",
			"url": "assets/login/login_btn_1.png"
		},
		{
			"name": "pop_ups_png",
			"type": "image",
			"url": "assets/login/pop_ups.png"
		},
		{
			"name": "register_btn_png",
			"type": "image",
			"url": "assets/login/register_btn.png"
		},
		{
			"name": "register_btn_0_png",
			"type": "image",
			"url": "assets/login/register_btn_0.png"
		},
		{
			"name": "register_btn_1_png",
			"type": "image",
			"url": "assets/login/register_btn_1.png"
		},
		{
			"name": "title_login_png",
			"type": "image",
			"url": "assets/login/title_login.png"
		},
		{
			"name": "title_prompt_png",
			"type": "image",
			"url": "assets/login/title_prompt.png"
		},
		{
			"name": "verify_btn_png",
			"type": "image",
			"url": "assets/login/verify_btn.png"
		},
		{
			"name": "verify_btn_0_png",
			"type": "image",
			"url": "assets/login/verify_btn_0.png"
		},
		{
			"name": "verify_btn_1_png",
			"type": "image",
			"url": "assets/login/verify_btn_1.png"
		},
		{
			"name": "visitor_btn_png",
			"type": "image",
			"url": "assets/login/visitor_btn.png"
		},
		{
			"name": "visitor_btn_0_png",
			"type": "image",
			"url": "assets/login/visitor_btn_0.png"
		},
		{
			"name": "visitor_btn_1_png",
			"type": "image",
			"url": "assets/login/visitor_btn_1.png"
		},
		{
			"name": "Bg_dating_qiehuanzhuangshi_png",
			"type": "image",
			"url": "assets/hall/Bg_dating_qiehuanzhuangshi.png"
		},
		{
			"name": "Bg_img_jpg",
			"type": "image",
			"url": "assets/hall/Bg_img.jpg"
		},
		{
			"name": "btn_28_png",
			"type": "image",
			"url": "assets/hall/btn_28.png"
		},
		{
			"name": "btn_baijiale_png",
			"type": "image",
			"url": "assets/hall/btn_baijiale.png"
		},
		{
			"name": "btn_challenge_0_png",
			"type": "image",
			"url": "assets/hall/btn_challenge_0.png"
		},
		{
			"name": "btn_challenge_1_png",
			"type": "image",
			"url": "assets/hall/btn_challenge_1.png"
		},
		{
			"name": "btn_game_bg_png",
			"type": "image",
			"url": "assets/hall/btn_game_bg.png"
		},
		{
			"name": "btn_info_0_png",
			"type": "image",
			"url": "assets/hall/btn_info_0.png"
		},
		{
			"name": "btn_info_1_png",
			"type": "image",
			"url": "assets/hall/btn_info_1.png"
		},
		{
			"name": "btn_jinhua_png",
			"type": "image",
			"url": "assets/hall/btn_jinhua.png"
		},
		{
			"name": "btn_kefu_0_png",
			"type": "image",
			"url": "assets/hall/btn_kefu_0.png"
		},
		{
			"name": "btn_kefu_1_png",
			"type": "image",
			"url": "assets/hall/btn_kefu_1.png"
		},
		{
			"name": "btn_niuniu_png",
			"type": "image",
			"url": "assets/hall/btn_niuniu.png"
		},
		{
			"name": "btn_safebox_0_png",
			"type": "image",
			"url": "assets/hall/btn_safebox_0.png"
		},
		{
			"name": "btn_safebox_1_png",
			"type": "image",
			"url": "assets/hall/btn_safebox_1.png"
		},
		{
			"name": "btn_set_0_png",
			"type": "image",
			"url": "assets/hall/btn_set_0.png"
		},
		{
			"name": "btn_set_1_png",
			"type": "image",
			"url": "assets/hall/btn_set_1.png"
		},
		{
			"name": "btn_welfare_0_png",
			"type": "image",
			"url": "assets/hall/btn_welfare_0.png"
		},
		{
			"name": "btn_welfare_1_png",
			"type": "image",
			"url": "assets/hall/btn_welfare_1.png"
		},
		{
			"name": "coin_bg_png",
			"type": "image",
			"url": "assets/hall/coin_bg.png"
		},
		{
			"name": "ding_png",
			"type": "image",
			"url": "assets/hall/ding.png"
		},
		{
			"name": "di_bg_png",
			"type": "image",
			"url": "assets/hall/di_bg.png"
		},
		{
			"name": "Font_dating_majianglei_png",
			"type": "image",
			"url": "assets/hall/Font_dating_majianglei.png"
		},
		{
			"name": "Font_dating_majianglei1_png",
			"type": "image",
			"url": "assets/hall/Font_dating_majianglei1.png"
		},
		{
			"name": "Font_dating_pukelei_png",
			"type": "image",
			"url": "assets/hall/Font_dating_pukelei.png"
		},
		{
			"name": "Font_dating_pukelei1_png",
			"type": "image",
			"url": "assets/hall/Font_dating_pukelei1.png"
		},
		{
			"name": "Font_dating_remenwanfa_png",
			"type": "image",
			"url": "assets/hall/Font_dating_remenwanfa.png"
		},
		{
			"name": "Font_dating_remenwanfa1_png",
			"type": "image",
			"url": "assets/hall/Font_dating_remenwanfa1.png"
		},
		{
			"name": "Font_dating_youxilei_png",
			"type": "image",
			"url": "assets/hall/Font_dating_youxilei.png"
		},
		{
			"name": "Font_dating_youxilei1_png",
			"type": "image",
			"url": "assets/hall/Font_dating_youxilei1.png"
		},
		{
			"name": "game_class_bg_png",
			"type": "image",
			"url": "assets/hall/game_class_bg.png"
		},
		{
			"name": "generalize_png",
			"type": "image",
			"url": "assets/hall/generalize.png"
		},
		{
			"name": "generalize_0_png",
			"type": "image",
			"url": "assets/hall/generalize_0.png"
		},
		{
			"name": "generalize_1_png",
			"type": "image",
			"url": "assets/hall/generalize_1.png"
		},
		{
			"name": "head_png",
			"type": "image",
			"url": "assets/hall/head.png"
		},
		{
			"name": "shoppingmall_png",
			"type": "image",
			"url": "assets/hall/shoppingmall.png"
		},
		{
			"name": "shoppingmall_0_png",
			"type": "image",
			"url": "assets/hall/shoppingmall_0.png"
		},
		{
			"name": "shoppingmall_1_png",
			"type": "image",
			"url": "assets/hall/shoppingmall_1.png"
		},
		{
			"name": "title_bg_png",
			"type": "image",
			"url": "assets/hall/title_bg.png"
		},
		{
			"name": "topup_png",
			"type": "image",
			"url": "assets/hall/topup.png"
		},
		{
			"name": "topup_0_png",
			"type": "image",
			"url": "assets/hall/topup_0.png"
		},
		{
			"name": "topup_1_png",
			"type": "image",
			"url": "assets/hall/topup_1.png"
		},
		{
			"name": "trumpet_png",
			"type": "image",
			"url": "assets/hall/trumpet.png"
		},
		{
			"name": "v_png",
			"type": "image",
			"url": "assets/hall/v.png"
		},
		{
			"name": "loding_bg_png",
			"type": "image",
			"url": "assets/loding/loding_bg.png"
		},
		{
			"name": "bar_0_png",
			"type": "image",
			"url": "assets/loding/bar_0.png"
		},
		{
			"name": "bar_1_png",
			"type": "image",
			"url": "assets/loding/bar_1.png"
		},
		{
			"name": "bgMain_mp3",
			"type": "sound",
			"url": "assets/sound/bgMain.mp3"
		},
		{
			"name": "Special_menu_mp3",
			"type": "sound",
			"url": "assets/sound/Special_menu.mp3"
		}
	]
}