{
  "autoGenerateExmlsList": true,
  "exmls": [
    {
      "path": "resource/eui_skins/ButtonSkin.exml",
      "content": "<?xml version=\"1.0\" encoding=\"utf-8\" ?>\r\n<e:Skin class=\"skins.ButtonSkin\" states=\"up,down,disabled\" minHeight=\"50\" minWidth=\"100\" xmlns:e=\"http://ns.egret.com/eui\">\r\n    <e:Image width=\"100%\" height=\"100%\" scale9Grid=\"1,3,8,8\" alpha.disabled=\"0.5\"\r\n             source=\"button_up_png\"\r\n             source.down=\"button_down_png\"/>\r\n    <e:Label id=\"labelDisplay\" top=\"8\" bottom=\"8\" left=\"8\" right=\"8\"\r\n             size=\"20\"\r\n             textColor=\"0xFFFFFF\" verticalAlign=\"middle\" textAlign=\"center\"/>\r\n    <e:Image id=\"iconDisplay\" horizontalCenter=\"0\" verticalCenter=\"0\"/>\r\n</e:Skin>\r\n"
    },
    {
      "path": "resource/eui_skins/CheckBoxSkin.exml",
      "content": "<?xml version=\"1.0\" encoding=\"utf-8\"?>\r\n<e:Skin class=\"skins.CheckBoxSkin\" states=\"up,down,disabled,upAndSelected,downAndSelected,disabledAndSelected\" xmlns:e=\"http://ns.egret.com/eui\" width.disabledAndSelected=\"155\" height.disabledAndSelected=\"42\">\r\n    <e:Group width=\"100%\" height=\"100%\">\r\n        <e:layout>\r\n            <e:HorizontalLayout verticalAlign=\"middle\"/>\r\n        </e:layout>\r\n        <e:Image fillMode=\"scale\" alpha=\"1\" alpha.disabled=\"0.5\" alpha.down=\"0.7\"                                                                     source=\"btn_one_choose_bg_png\" source.down=\"btn_one_choose_bg_png\" source.upAndSelected=\"btn_one_choose_hight_png\" source.downAndSelected=\"btn_one_choose_hight_png\" source.disabledAndSelected=\"btn_one_choose_hight_png\"/>\r\n        <e:Label id=\"labelDisplay\" size=\"26\"\r\n                 textAlign=\"center\" verticalAlign=\"middle\"\r\n                 fontFamily=\"Tahoma\" textColor.disabledAndSelected=\"0x286b28\" size.disabledAndSelected=\"26\" bold.disabledAndSelected=\"true\" text.disabledAndSelected=\"枣庄方言\" textColor=\"0x286b28\" bold=\"true\" text=\"枣庄方言\"/>\r\n    </e:Group>\r\n</e:Skin>"
    },
    {
      "path": "resource/eui_skins/HScrollBarSkin.exml",
      "content": "<?xml version=\"1.0\" encoding=\"utf-8\"?>\r\n<e:Skin class=\"skins.HScrollBarSkin\" minWidth=\"20\" minHeight=\"8\" xmlns:e=\"http://ns.egret.com/eui\">\r\n    <e:Image id=\"thumb\" source=\"\" scale9Grid=\"3,3,2,2\" height=\"8\" width=\"30\" verticalCenter=\"0\"/>\r\n</e:Skin>\r\n"
    },
    {
      "path": "resource/eui_skins/HSliderSkin.exml",
      "content": "<?xml version=\"1.0\" encoding=\"utf-8\"?>\r\n<e:Skin class=\"skins.HSliderSkin\" minWidth=\"20\" minHeight=\"8\" xmlns:e=\"http://ns.egret.com/eui\">\r\n    <e:Image id=\"track\" source=\"track_sb_png\" scale9Grid=\"1,1,4,4\" width=\"100%\"\r\n             height=\"6\" verticalCenter=\"0\"/>\r\n    <e:Image id=\"thumb\" source=\"thumb_png\" verticalCenter=\"0\"/>\r\n</e:Skin>\r\n"
    },
    {
      "path": "resource/eui_skins/ItemRendererSkin.exml",
      "content": "<?xml version=\"1.0\" encoding=\"utf-8\" ?>\r\n<e:Skin class=\"skins.ItemRendererSkin\" states=\"up,down,disabled\" minHeight=\"50\" minWidth=\"100\" xmlns:e=\"http://ns.egret.com/eui\">\r\n    <e:Image width=\"100%\" height=\"100%\" scale9Grid=\"1,3,8,8\" alpha.disabled=\"0.5\"\r\n             source=\"button_up_png\"\r\n             source.down=\"button_down_png\"/>\r\n    <e:Label id=\"labelDisplay\" top=\"8\" bottom=\"8\" left=\"8\" right=\"8\"\r\n             size=\"20\" fontFamily=\"Tahoma\"\r\n             textColor=\"0xFFFFFF\" text=\"{data}\" verticalAlign=\"middle\" textAlign=\"center\"/>\r\n</e:Skin>\r\n"
    },
    {
      "path": "resource/eui_skins/PanelSkin.exml",
      "content": "<?xml version=\"1.0\" encoding=\"utf-8\"?>\r\n<e:Skin class=\"skins.PanelSkin\" minHeight=\"230\" minWidth=\"450\" xmlns:e=\"http://ns.egret.com/eui\">\r\n    <e:Image left=\"0\" right=\"0\" bottom=\"0\"  top=\"0\" source=\"border_png\" scale9Grid=\"2,2,12,12\" />\r\n    <e:Group id=\"moveArea\" left=\"0\" right=\"0\" top=\"0\" height=\"45\">\r\n        <e:Image left=\"0\" right=\"0\" bottom=\"0\"  top=\"0\" source=\"header_png\"/>\r\n        <e:Label id=\"titleDisplay\" size=\"20\" fontFamily=\"Tahoma\" textColor=\"0xFFFFFF\"\r\n                 wordWrap=\"false\" left=\"15\" right=\"5\" verticalCenter=\"0\"/>\r\n    </e:Group>\r\n    <e:Button id=\"closeButton\" label=\"close\" bottom=\"5\" horizontalCenter=\"0\"/>\r\n</e:Skin>\r\n"
    },
    {
      "path": "resource/eui_skins/ProgressBarSkin.exml",
      "content": "<?xml version=\"1.0\" encoding=\"utf-8\"?>\r\n<e:Skin class=\"skins.ProgressBarSkin\" minWidth=\"30\" minHeight=\"18\" xmlns:e=\"http://ns.egret.com/eui\">\r\n\t<e:Image source=\"track_pb_png\" scale9Grid=\"1,1,4,4\" width=\"100%\"\r\n\t\t\t height=\"100%\" verticalCenter=\"0\"/>\r\n\t<e:Image id=\"thumb\" height=\"100%\" width=\"100%\" source=\"thumb_pb_png\"/>\r\n\t<e:Label id=\"labelDisplay\" textAlign=\"center\" verticalAlign=\"middle\"\r\n\t\t\t size=\"15\" fontFamily=\"Tahoma\" textColor=\"0x707070\"\r\n\t\t\t horizontalCenter=\"0\" verticalCenter=\"0\"/>\r\n</e:Skin>\r\n"
    },
    {
      "path": "resource/eui_skins/RadioButtonSkin.exml",
      "content": "<?xml version=\"1.0\" encoding=\"utf-8\"?>\r\n<e:Skin class=\"skins.RadioButtonSkin\" states=\"up,down,disabled,upAndSelected,downAndSelected,disabledAndSelected\" xmlns:e=\"http://ns.egret.com/eui\">\r\n    <e:Group width=\"100%\" height=\"100%\">\r\n        <e:layout>\r\n            <e:HorizontalLayout verticalAlign=\"middle\"/>\r\n        </e:layout>\r\n        <e:Image fillMode=\"scale\" alpha=\"1\" alpha.disabled=\"0.5\" alpha.down=\"0.7\"\r\n                \r\n                \r\n                \r\n                 source=\"btn_one_choose_bg_png\" source.upAndSelected=\"btn_one_choose_hight_png\" source.downAndSelected=\"btn_one_choose_hight_png\" source.disabledAndSelected=\"btn_one_choose_hight_png\"/>\r\n        <e:Label id=\"labelDisplay\" size=\"26\"\r\n                 textAlign=\"center\" verticalAlign=\"middle\"\r\n                 fontFamily=\"Tahoma\" text=\"枣庄方言\" textColor=\"0x286b28\" bold=\"true\"/>\r\n    </e:Group>\r\n</e:Skin>\r\n"
    },
    {
      "path": "resource/eui_skins/ScrollerSkin.exml",
      "content": "<?xml version=\"1.0\" encoding=\"utf-8\"?>\r\n<e:Skin class=\"skins.ScrollerSkin\" minWidth=\"20\" minHeight=\"20\" xmlns:e=\"http://ns.egret.com/eui\">\r\n    <e:HScrollBar id=\"horizontalScrollBar\" width=\"100%\" bottom=\"0\" autoVisibility=\"false\" visible=\"false\"/>\r\n    <e:VScrollBar id=\"verticalScrollBar\" height=\"100%\" right=\"0\" autoVisibility=\"false\" visible=\"false\"/>\r\n</e:Skin>"
    },
    {
      "path": "resource/eui_skins/TextInputSkin.exml",
      "content": "<?xml version='1.0' encoding='utf-8'?>\r\n<e:Skin class=\"skins.TextInputSkin\" minHeight=\"40\" minWidth=\"300\" states=\"normal,disabled,normalWithPrompt,disabledWithPrompt\" xmlns:e=\"http://ns.egret.com/eui\">\r\n\t<e:Image width=\"100%\" height=\"100%\" scale9Grid=\"1,3,8,8\" source=\"jrjlb_shurukuang_png\"/>\r\n\t<e:Rect height=\"100%\" width=\"100%\" fillColor=\"0xffffff\" alpha=\"0\"/>\r\n \t<e:EditableText id=\"textDisplay\" verticalCenter=\"-1\" left=\"10\" right=\"10\"\r\n\t                textColor.disabled=\"0xff0000\" width=\"100%\" size=\"32\"  text=\"\" textColor=\"0xf9e8d5\" textAlign=\"center\" restrict=\"0-9a-zA-Z\"/>\r\n</e:Skin>"
    },
    {
      "path": "resource/eui_skins/ToggleSwitchSkin.exml",
      "content": "<?xml version=\"1.0\" encoding=\"utf-8\"?>\r\n<e:Skin class=\"skins.ToggleSwitchSkin\" states=\"up,down,disabled,upAndSelected,downAndSelected,disabledAndSelected\" xmlns:e=\"http://ns.egret.com/eui\">\r\n    <e:Image source=\"on_png\"\r\n             source.up=\"off_png\"\r\n             source.down=\"off_png\"\r\n             source.disabled=\"off_png\"/>\r\n    <e:Image source=\"handle_png\"\r\n             horizontalCenter=\"-18\"\r\n             horizontalCenter.upAndSelected=\"18\"\r\n             horizontalCenter.downAndSelected=\"18\"\r\n             horizontalCenter.disabledAndSelected=\"18\"\r\n             verticalCenter=\"0\"/>\r\n</e:Skin>\r\n"
    },
    {
      "path": "resource/eui_skins/VScrollBarSkin.exml",
      "content": "<?xml version=\"1.0\" encoding=\"utf-8\"?>\r\n<e:Skin class=\"skins.VScrollBarSkin\" minWidth=\"8\" minHeight=\"20\" xmlns:e=\"http://ns.egret.com/eui\">\r\n    <e:Image id=\"thumb\" source=\"\" scale9Grid=\"3,3,2,2\" height=\"30\" width=\"8\" horizontalCenter=\"0\"/>\r\n</e:Skin>\r\n"
    },
    {
      "path": "resource/eui_skins/VSliderSkin.exml",
      "content": "<?xml version=\"1.0\" encoding=\"utf-8\"?>\r\n<e:Skin class=\"skins.VSliderSkin\" minWidth=\"25\" minHeight=\"30\" xmlns:e=\"http://ns.egret.com/eui\">\r\n    <e:Image id=\"track\" source=\"track_png\" scale9Grid=\"1,1,4,4\" width=\"7\" height=\"100%\" horizontalCenter=\"0\"/>\r\n    <e:Image id=\"thumb\" source=\"thumb_png\" horizontalCenter=\"0\" />\r\n</e:Skin>\r\n"
    },
    {
      "path": "resource/exml/LodingViewSkin.exml",
      "content": "<?xml version=\"1.0\" encoding=\"utf-8\"?>\r\n<e:Skin class=\"LodingViewSkin\" xmlns:e=\"http://ns.egret.com/eui\" xmlns:w=\"http://ns.egret.com/wing\" width=\"1472\" height=\"828\">\r\n\t<e:Image id=\"bg_img\" x=\"0\" y=\"0\" width=\"100%\" height=\"100%\" source=\"loding_bg_png\"/>\r\n\t<e:Group verticalCenter=\"327\" horizontalCenter=\"0\">\r\n\r\n\t\t<e:Image y=\"11\" scale9Grid=\"5,5,2,2\" anchorOffsetX=\"0\" width=\"605\" anchorOffsetY=\"0\" height=\"37\" source=\"bar_0_png\" x=\"0\"/>\r\n\t\t<e:Rect id=\"load_rec\" width=\"596\" height=\"30\" y=\"13\" x=\"5\"/>\r\n\t\t<e:Image id=\"load_img\" y=\"13\" anchorOffsetX=\"0\" width=\"598\" anchorOffsetY=\"0\" height=\"30\" rotation=\"0.09\" source=\"bar_1_png\" scale9Grid=\"0,0,0,0\" x=\"4\"/>\r\n\t\t<e:Image id=\"pro_img\" source=\"ProgressBarTag\" x=\"0\" y=\"13\" visible=\"false\"/>\r\n\t</e:Group>\r\n\r\n</e:Skin>"
    },
    {
      "path": "resource/exml/alert/ChangeNameAlertSkin.exml",
      "content": "<?xml version=\"1.0\" encoding=\"utf-8\"?>\n<e:Skin class=\"ChangeNameAlertSkin\" width=\"390\" height=\"258\" xmlns:e=\"http://ns.egret.com/eui\" xmlns:w=\"http://ns.egret.com/wing\">\n    <e:Image width=\"390\" height=\"258\" x=\"0\" y=\"0\" source=\"changeAlertBg\"/>\n\t<e:Label text=\"修改昵称\" x=\"143\" y=\"36\" textColor=\"0xfca311\" size=\"26\"/>\n\t<e:Image width=\"350\" height=\"35\" y=\"91\" source=\"changeTiao\" x=\"20\"/>\n\t\n\t<e:Image id=\"sureBtn\" width=\"120\" height=\"47\" y=\"177\" x=\"60\" source=\"change_normal\"/>\n\t<e:Image id=\"canceBtn\" width=\"120\" height=\"47\" y=\"177\" x=\"210\" source=\"change_light\"/>\n\t<e:Label text=\"确认\" x=\"100\" y=\"191\" size=\"20\" touchEnabled=\"false\"/>\n\t<e:Label text=\"取消\" x=\"250\" y=\"191\" size=\"20\" touchEnabled=\"false\"/>\n\t<e:Label text=\"昵称只能输入数字/字母/中文。最多10个字符（5个汉字）\" x=\"18\" y=\"140\" size=\"14\" textColor=\"0x9b6d09\" visible=\"false\"/>\n\t<e:EditableText id=\"newname\" width=\"348\" height=\"33\" text=\"\" x=\"21\" y=\"94\" anchorOffsetX=\"0\" anchorOffsetY=\"0\" textColor=\"0x474646\" size=\"25\"/>\n</e:Skin>"
    },
    {
      "path": "resource/exml/alert/ChangePwdAlertSkin.exml",
      "content": "<?xml version=\"1.0\" encoding=\"utf-8\"?>\n<e:Skin class=\"ChangePwdAlertSkin\" width=\"390\" height=\"258\" xmlns:e=\"http://ns.egret.com/eui\" xmlns:w=\"http://ns.egret.com/wing\">\n\t<e:Image width=\"390\" height=\"258\" x=\"0\" y=\"0\" source=\"changeAlertBg\"/>\n\t<e:Label text=\"修改密码\" x=\"143\" y=\"15\" textColor=\"0xfca311\" size=\"26\"/>\n\t<e:Image width=\"304\" height=\"35\" y=\"61\" source=\"changeTiao\" x=\"43\"/>\n\t<e:Image width=\"304\" height=\"35\" y=\"102\" source=\"changeTiao\" x=\"43\"/>\n\t<e:Image width=\"304\" height=\"35\" y=\"143\" source=\"changeTiao\" x=\"43\"/>\n\t<e:Image id=\"sureBtn\" width=\"120\" height=\"47\" y=\"190\" x=\"60\" source=\"change_normal\"/>\n\t<e:Image id=\"canceBtn\" width=\"120\" height=\"47\" y=\"190\" x=\"210\" source=\"change_light\"/>\n\t<e:Label text=\"确认\" x=\"100\" y=\"204\" size=\"20\" touchEnabled=\"false\"/>\n\t<e:Label text=\"取消\" x=\"250\" y=\"204\" size=\"20\" touchEnabled=\"false\"/>\n\t<e:Label text=\"输入旧密码：\" x=\"43\" y=\"70\" size=\"18\" textColor=\"0x474646\"/>\n\t<e:Label text=\"新密码：\" x=\"43\" y=\"111\" textColor=\"0x474646\" size=\"18\"/>\n\t<e:Label text=\"确认密码：\" x=\"43\" y=\"152\" textColor=\"0x474646\" size=\"18\"/>\n\t<e:EditableText id=\"oldPwd\" width=\"198\" height=\"33\" text=\"\" x=\"145\" y=\"65\" anchorOffsetX=\"0\" anchorOffsetY=\"0\" textColor=\"0x474646\" displayAsPassword=\"true\" size=\"25\" restrict=\"0-9a-zA-Z\"/>\n\t<e:EditableText id=\"newPwd\" width=\"240\" height=\"33\" text=\"\" x=\"107\" y=\"105\" anchorOffsetX=\"0\" anchorOffsetY=\"0\" textColor=\"0x474646\" displayAsPassword=\"true\" size=\"25\" restrict=\"0-9a-zA-Z\"/>\n\t<e:EditableText id=\"convertNewPwd\" width=\"220\" height=\"33\" text=\"\" x=\"127\" y=\"146\" anchorOffsetX=\"0\" anchorOffsetY=\"0\" textColor=\"0x474646\" size=\"25\" displayAsPassword=\"true\" restrict=\"0-9a-zA-Z\"/>\n</e:Skin>"
    },
    {
      "path": "resource/exml/component/AlertDialogSkin.exml",
      "content": "<?xml version=\"1.0\" encoding=\"utf-8\"?>\n<e:Skin class=\"AlertDialogSkin\" xmlns:e=\"http://ns.egret.com/eui\" xmlns:w=\"http://ns.egret.com/wing\">\n\t<e:Rect id=\"close_rect\" width=\"100%\" height=\"100%\" alpha=\"0.6\"/>\n\t<e:Group verticalCenter=\"-93.5\" horizontalCenter=\"-1.5\">\n\t\t<e:Image id=\"menu_img\" x=\"0\" y=\"0\" touchEnabled=\"false\" source=\"gamehall_json.charge_bg\"/>\n\t\t<e:Button id=\"qd_btn\" x=\"132\" y=\"137.5\">\n\t\t\t<e:skinName>\n\t\t\t<e:Skin states=\"up,down,disabled\">\n\t\t\t\t<e:Image width=\"100%\" height=\"100%\" source=\"btnBg_normal\" source.down=\"btnBg_light\"/>\n\t\t\t\t<e:Label id=\"labelDisplay\" horizontalCenter=\"0\" verticalCenter=\"0\"/>\n\t\t\t</e:Skin>\n\t\t\t</e:skinName>\n\t\t</e:Button>\n\t\t<e:Label text=\"确定\" x=\"156\" y=\"150\" size=\"18\" touchEnabled=\"false\"/>\n\t\t<e:Label id=\"des_txt\" text=\"\" x=\"7.5\" y=\"70.5\" size=\"18\" touchEnabled=\"false\" width=\"330\" textAlign=\"center\" height=\"20\"/>\n\t</e:Group>\n</e:Skin>"
    },
    {
      "path": "resource/exml/component/ComBoxItemSkin.exml",
      "content": "<?xml version=\"1.0\" encoding=\"utf-8\"?>\n<e:Skin class=\"ComBoxItemSkin\" width=\"130\" height=\"25\" xmlns:e=\"http://ns.egret.com/eui\" xmlns:w=\"http://ns.egret.com/wing\">\n\t<e:Label id=\"des_txt\" text=\"\" x=\"0\" y=\"3.5\" size=\"18\" touchEnabled=\"false\" width=\"130\" textAlign=\"center\" height=\"18\"/>\n</e:Skin>"
    },
    {
      "path": "resource/exml/component/ComBoxSkin.exml",
      "content": "<?xml version=\"1.0\" encoding=\"utf-8\"?>\n<e:Skin class=\"ComBoxSkin\" width=\"130\" height=\"125\" xmlns:e=\"http://ns.egret.com/eui\" xmlns:w=\"http://ns.egret.com/wing\">\n\t<e:Image id=\"bgImg\" x=\"0\" y=\"25\" scale9Grid=\"5,5,5,5\" anchorOffsetX=\"0\" width=\"130\" anchorOffsetY=\"0\" height=\"100\" source=\"menu_bg\"/>\n\t<e:Group id=\"combox_grp\" x=\"1\" y=\"0\" touchEnabled=\"true\" touchChildren=\"true\" locked=\"true\">\n\t\t<e:Image source=\"gamelog_json.cxlb_bg\" x=\"0\" y=\"0\" scale9Grid=\"5,5,5,5\" anchorOffsetX=\"0\" width=\"130\" anchorOffsetY=\"0\" height=\"25\" touchEnabled=\"false\"/>\n\t\t<e:Button id=\"sel_btn\" x=\"106\" y=\"1.5\">\n\t\t\t<e:skinName>\n\t\t\t<e:Skin states=\"up,down,disabled\">\n\t\t\t\t<e:Image width=\"100%\" height=\"100%\" source=\"xxan_normal\" source.down=\"xxan_light\"/>\n\t\t\t\t<e:Label id=\"labelDisplay\" horizontalCenter=\"0\" verticalCenter=\"0\"/>\n\t\t\t</e:Skin>\n\t\t\t</e:skinName>\n\t\t</e:Button>\n\t\t<e:Label id=\"tab_txt\" text=\"\" x=\"11\" y=\"3.5\" size=\"18\" touchEnabled=\"false\" width=\"90\" textAlign=\"center\" height=\"18\"/>\n\t</e:Group>\n\t<e:Scroller id=\"scroller\" anchorOffsetX=\"0\" anchorOffsetY=\"0\" y=\"25\" x=\"0\" width=\"130\" height=\"100\" locked=\"true\">\n\t\t<e:List id=\"table_list\" width=\"100%\" height=\"100%\" anchorOffsetY=\"0\" y=\"-9\" x=\"0\" anchorOffsetX=\"0\" locked=\"true\">\n\t\t\t<e:layout>\n\t\t\t\t<e:VerticalLayout gap=\"0\"/>\n\t\t\t</e:layout>\n\t\t</e:List>\n\t</e:Scroller>\n</e:Skin>"
    },
    {
      "path": "resource/exml/lobby/LobbyViewSkin.exml",
      "content": "<?xml version=\"1.0\" encoding=\"utf-8\"?>\r\n<e:Skin class=\"LobbyViewSkin\" width=\"1472\" height=\"828\" xmlns:e=\"http://ns.egret.com/eui\" xmlns:w=\"http://ns.egret.com/wing\" >\r\n\t<w:Config id=\"166bf8530b5\" ></w:Config>\r\n\t<e:Image id=\"bgImg\" width=\"100%\" height=\"100%\" horizontalCenter=\"0\" verticalCenter=\"0\" source=\"Bg_img_jpg\"/>\r\n\t<e:Group width=\"100%\" height=\"96\" top=\"0\" horizontalCenter=\"0\">\r\n\t\t<e:Image x=\"-410\" y=\"-13\" scaleX=\"1\" scaleY=\"1\" source=\"ding_png\"/>\r\n\t\t<e:Button id=\"_set\" label=\"\" x=\"1279.27\" y=\"11\" width=\"136\" height=\"64\">\r\n\t\t\t<e:skinName>\r\n\t\t\t\t<e:Skin states=\"up,down,disabled\">\r\n\t\t\t\t<e:Image width=\"100%\" height=\"100%\" source=\"btn_set_0_png\" source.down=\"btn_set_1_png\"/>\r\n\t\t\t\t<e:Label id=\"labelDisplay\" horizontalCenter=\"0\" verticalCenter=\"0\"/>\r\n\t\t\t\t</e:Skin>\r\n\t\t\t</e:skinName>\r\n\t\t</e:Button>\r\n\t\t<e:Button id=\"_service\" label=\"\" x=\"941.79\" y=\"11\" scaleX=\"1\" scaleY=\"1\">\r\n\t\t\t<e:skinName>\r\n\t\t\t\t<e:Skin states=\"up,down,disabled\">\r\n\t\t\t\t<e:Image width=\"100%\" height=\"100%\" source=\"btn_kefu_0_png\" source.down=\"btn_kefu_1_png\"/>\r\n\t\t\t\t<e:Label id=\"labelDisplay\" horizontalCenter=\"0\" verticalCenter=\"0\"/>\r\n\t\t\t\t</e:Skin>\r\n\t\t\t</e:skinName>\r\n\t\t</e:Button>\r\n\t\t<e:Button id=\"_information\" label=\"\" x=\"1107.75\" y=\"11\">\r\n\t\t\t<e:skinName>\r\n\t\t\t\t<e:Skin states=\"up,down,disabled\">\r\n\t\t\t\t<e:Image width=\"100%\" height=\"100%\" source=\"btn_info_0_png\" source.down=\"btn_info_1_png\"/>\r\n\t\t\t\t<e:Label id=\"labelDisplay\" horizontalCenter=\"0\" verticalCenter=\"0\"/>\r\n\t\t\t\t</e:Skin>\r\n\t\t\t</e:skinName>\r\n\t\t</e:Button>\r\n\t\t<e:Image x=\"514\" y=\"16\" scaleX=\"1\" scaleY=\"1\" source=\"coin_bg_png\"/>\r\n\t\t<e:Button label=\"\" x=\"61\" y=\"2\" scaleX=\"0.9\" scaleY=\"0.9\">\r\n\t\t\t<e:skinName>\r\n\t\t\t\t<e:Skin states=\"up,down,disabled\">\r\n\t\t\t\t<e:Image width=\"100%\" height=\"100%\" source=\"head_png\" source.down=\"head_png\"/>\r\n\t\t\t\t<e:Label id=\"labelDisplay\" horizontalCenter=\"0\" verticalCenter=\"0\"/>\r\n\t\t\t\t</e:Skin>\r\n\t\t\t</e:skinName>\r\n\t\t</e:Button>\r\n\t\t<e:Image x=\"56\" y=\"18\" scaleX=\"1\" scaleY=\"1\" source=\"v_png\"/>\r\n\t\t<e:Label id=\"_head_label\" text=\"中国第一赌神\" x=\"169.5\" y=\"29\" scaleX=\"1\" scaleY=\"1\" size=\"35\" fontFamily=\"KaiTi\"/>\r\n\t\t<e:Label id=\"_coin_label\" text=\"\" x=\"586\" y=\"27\" scaleX=\"1\" scaleY=\"1\" size=\"34\" fontFamily=\"Arial\" verticalAlign=\"middle\" textAlign=\"center\" width=\"180\" height=\"34\"/>\r\n\t</e:Group>\r\n\t<e:Group x=\"151.67\" y=\"100\">\r\n\t\t<e:Image x=\"0\" y=\"0\" scaleX=\"1\" scaleY=\"1\" source=\"title_bg_png\"/>\r\n\t\t<e:Image x=\"211.33\" y=\"7\" scaleX=\"1\" scaleY=\"1\" source=\"trumpet_png\"/>\r\n\t</e:Group>\r\n\t<e:Group width=\"100%\" height=\"150\" x=\"0\" bottom=\"0\">\r\n\t\t<e:Image scaleX=\"1\" scaleY=\"1\" bottom=\"0\" horizontalCenter=\"-33\" source=\"di_bg_png\"/>\r\n\t\t<e:Button id=\"_generalize\" label=\"\" x=\"16\" y=\"15.5\">\r\n\t\t\t<e:skinName>\r\n\t\t\t\t<e:Skin states=\"up,down,disabled\">\r\n\t\t\t\t<e:Image width=\"100%\" height=\"100%\" source=\"generalize_0_png\" source.down=\"generalize_1_png\"/>\r\n\t\t\t\t<e:Label id=\"labelDisplay\" horizontalCenter=\"0\" verticalCenter=\"0\"/>\r\n\t\t\t\t</e:Skin>\r\n\t\t\t</e:skinName>\r\n\t\t</e:Button>\r\n\t\t<e:Button id=\"_safebox\" label=\"\" x=\"373.57\" y=\"24.5\">\r\n\t\t\t<e:skinName>\r\n\t\t\t\t<e:Skin states=\"up,down,disabled\">\r\n\t\t\t\t<e:Image width=\"100%\" height=\"100%\" source=\"btn_safebox_0_png\" source.down=\"btn_safebox_1_png\"/>\r\n\t\t\t\t<e:Label id=\"labelDisplay\" horizontalCenter=\"0\" verticalCenter=\"0\"/>\r\n\t\t\t\t</e:Skin>\r\n\t\t\t</e:skinName>\r\n\t\t</e:Button>\r\n\t\t<e:Button id=\"_challenge\" label=\"\" x=\"548.5\" y=\"24.5\">\r\n\t\t\t<e:skinName>\r\n\t\t\t\t<e:Skin states=\"up,down,disabled\">\r\n\t\t\t\t<e:Image width=\"100%\" height=\"100%\" source=\"btn_challenge_0_png\" source.down=\"btn_challenge_1_png\"/>\r\n\t\t\t\t<e:Label id=\"labelDisplay\" horizontalCenter=\"0\" verticalCenter=\"0\"/>\r\n\t\t\t\t</e:Skin>\r\n\t\t\t</e:skinName>\r\n\t\t</e:Button>\r\n\t\t<e:Button id=\"_welfare\" label=\"\" x=\"736\" y=\"24.5\">\r\n\t\t\t<e:skinName>\r\n\t\t\t\t<e:Skin states=\"up,down,disabled\">\r\n\t\t\t\t<e:Image width=\"100%\" height=\"100%\" source=\"btn_welfare_0_png\" source.down=\"btn_welfare_1_png\"/>\r\n\t\t\t\t<e:Label id=\"labelDisplay\" horizontalCenter=\"0\" verticalCenter=\"0\"/>\r\n\t\t\t\t</e:Skin>\r\n\t\t\t</e:skinName>\r\n\t\t</e:Button>\r\n\t\t<e:Button id=\"_shoppingmall\" label=\"\" x=\"946\" y=\"7\">\r\n\t\t\t<e:skinName>\r\n\t\t\t\t<e:Skin states=\"up,down,disabled\">\r\n\t\t\t\t<e:Image width=\"100%\" height=\"100%\" source=\"shoppingmall_0_png\" source.down=\"shoppingmall_1_png\"/>\r\n\t\t\t\t<e:Label id=\"labelDisplay\" horizontalCenter=\"0\" verticalCenter=\"0\"/>\r\n\t\t\t\t</e:Skin>\r\n\t\t\t</e:skinName>\r\n\t\t</e:Button>\r\n\t\t<e:Button id=\"_topup\" label=\"\" x=\"1207\" y=\"9\">\r\n\t\t\t<e:skinName>\r\n\t\t\t\t<e:Skin states=\"up,down,disabled\">\r\n\t\t\t\t<e:Image width=\"100%\" height=\"100%\" source=\"topup_0_png\" source.down=\"topup_1_png\"/>\r\n\t\t\t\t<e:Label id=\"labelDisplay\" horizontalCenter=\"0\" verticalCenter=\"0\"/>\r\n\t\t\t\t</e:Skin>\r\n\t\t\t</e:skinName>\r\n\t\t</e:Button>\r\n\t</e:Group>\r\n\t<e:Group width=\"1350\" height=\"500\" anchorOffsetX=\"0\" anchorOffsetY=\"0\" horizontalCenter=\"0\" verticalCenter=\"0\">\r\n\t\t<e:Group width=\"276\" height=\"500\" top=\"0\" x=\"0\">\r\n\t\t\t<e:Image scaleX=\"1\" scaleY=\"1\" height=\"100%\" anchorOffsetX=\"0\" width=\"100%\" x=\"0\" y=\"0\" source=\"game_class_bg_png\"/>\r\n\t\t\t<e:Scroller width=\"100%\" height=\"100%\" anchorOffsetX=\"0\" anchorOffsetY=\"0\" scaleX=\"1\" scaleY=\"1\" x=\"0\" y=\"0\" scrollPolicyH=\"off\" scrollPolicyV=\"on\">\r\n\t\t\t\t<e:Group height=\"100%\" width=\"100%\" anchorOffsetY=\"0\">\r\n\t\t\t\t\t<e:Image source=\"Bg_dating_qiehuanzhuangshi_png\" y=\"156.27\" width=\"100%\" horizontalCenter=\"0\"/>\r\n\t\t\t\t\t<e:Image source=\"Bg_dating_qiehuanzhuangshi_png\" y=\"260.19\" width=\"100%\" horizontalCenter=\"0\"/>\r\n\t\t\t\t\t<e:Image source=\"Bg_dating_qiehuanzhuangshi_png\" y=\"363.69\" width=\"100%\" horizontalCenter=\"0\"/>\r\n\t\t\t\t\t<e:Image id=\"_btn_wanfa\" source=\"Font_dating_remenwanfa_png\" y=\"56.41\" horizontalCenter=\"0\"/>\r\n\t\t\t\t\t<e:Image id=\"_btn_pk\" horizontalCenter=\"0\" verticalCenter=\"-34\" x=\"7.719999999999992\" y=\"-215.5900000000001\" scaleX=\"1\" scaleY=\"1\" source=\"Font_dating_pukelei_png\"/>\r\n\t\t\t\t\t<e:Image id=\"_btn_mahjong\" horizontalCenter=\"0\" verticalCenter=\"72\" x=\"10.120000000000005\" y=\"43.49000000000001\" scaleX=\"1\" scaleY=\"1\" source=\"Font_dating_majianglei_png\"/>\r\n\t\t\t\t\t<e:Image id=\"_btn_game\" horizontalCenter=\"0\" verticalCenter=\"178\" x=\"6.839999999999996\" y=\"-319.49000000000007\" scaleX=\"1\" scaleY=\"1\" source=\"Font_dating_youxilei_png\"/>\r\n\t\t\t\t\t<e:Group id=\"_dis_wanfa\" width=\"97%\" height=\"130\" y=\"29.83\" scaleX=\"1\" scaleY=\"1\" horizontalCenter=\"0\" visible=\"false\">\r\n\t\t\t\t\t\t<e:Image scaleX=\"1\" scaleY=\"1\" width=\"100%\" height=\"100%\" scale9Grid=\"20,11,219,74\" horizontalCenter=\"0\" verticalCenter=\"0\" source=\"btn_game_bg_png\"/>\r\n\t\t\t\t\t\t<e:Image scaleX=\"1\" scaleY=\"1\" anchorOffsetX=\"0\" width=\"177.05\" anchorOffsetY=\"0\" height=\"54.48\" horizontalCenter=\"0\" verticalCenter=\"0\" source=\"Font_dating_remenwanfa1_png\"/>\r\n\t\t\t\t\t</e:Group>\r\n\t\t\t\t\t<e:Group id=\"_dis_pk\" width=\"97%\" height=\"98\" y=\"166.51\" scaleX=\"1\" scaleY=\"1\" horizontalCenter=\"0\">\r\n\t\t\t\t\t\t<e:Image x=\"0\" y=\"0\" scaleX=\"1\" scaleY=\"1\" width=\"100%\" height=\"100%\" source=\"btn_game_bg_png\"/>\r\n\t\t\t\t\t\t<e:Image source=\"Font_dating_pukelei1_png\" x=\"51.59\" y=\"21.76\" scaleX=\"1\" scaleY=\"1\" anchorOffsetX=\"0\" width=\"177.05\" anchorOffsetY=\"0\" height=\"54.48\"/>\r\n\t\t\t\t\t</e:Group>\r\n\t\t\t\t\t<e:Group id=\"_dis_mahjong\" width=\"97%\" height=\"98\" y=\"270.42\" scaleX=\"1\" scaleY=\"1\" horizontalCenter=\"0\" visible=\"false\">\r\n\t\t\t\t\t\t<e:Image x=\"0\" y=\"0\" scaleX=\"1\" scaleY=\"1\" width=\"100%\" height=\"100%\" source=\"btn_game_bg_png\"/>\r\n\t\t\t\t\t\t<e:Image x=\"51.59\" y=\"21.76\" scaleX=\"1\" scaleY=\"1\" anchorOffsetX=\"0\" width=\"177.05\" anchorOffsetY=\"0\" height=\"54.48\" source=\"Font_dating_majianglei1_png\"/>\r\n\t\t\t\t\t</e:Group>\r\n\t\t\t\t\t<e:Group id=\"_dis_game\" width=\"97%\" height=\"98\" y=\"374.32\" scaleX=\"1\" scaleY=\"1\" horizontalCenter=\"0\" visible=\"false\">\r\n\t\t\t\t\t\t<e:Image x=\"0\" y=\"0\" scaleX=\"1\" scaleY=\"1\" width=\"100%\" height=\"100%\" source=\"btn_game_bg_png\"/>\r\n\t\t\t\t\t\t<e:Image x=\"51.59\" y=\"21.76\" scaleX=\"1\" scaleY=\"1\" anchorOffsetX=\"0\" width=\"177.05\" anchorOffsetY=\"0\" height=\"54.48\" source=\"Font_dating_youxilei1_png\"/>\r\n\t\t\t\t\t</e:Group>\r\n\t\t\t\t</e:Group>\r\n\t\t\t</e:Scroller>\r\n\t\t</e:Group>\r\n\t\t<e:Group id=\"_group_wanfa\" width=\"1074\" height=\"100%\" x=\"277.27\" top=\"0\" anchorOffsetX=\"0\" visible=\"false\">\r\n\t\t\t<e:Scroller width=\"100%\" height=\"100%\" x=\"0\" y=\"0\" scrollPolicyV=\"off\" scrollPolicyH=\"on\">\r\n\t\t\t\t<e:Group id=\"_wanfa_btn_area\" width=\"100%\" height=\"100%\">\r\n\t\t\t\t</e:Group>\r\n\t\t\t</e:Scroller>\r\n\t\t</e:Group>\r\n\t\t<e:Group id=\"_group_pk\" width=\"1074\" height=\"100%\" x=\"277.27\" top=\"0\" anchorOffsetX=\"0\" y=\"10\">\r\n\t\t\t<e:Scroller width=\"100%\" height=\"100%\" x=\"0\" y=\"0\" scrollPolicyV=\"off\" scrollPolicyH=\"on\">\r\n\t\t\t<e:Group id=\"_pk_btn_area\" width=\"100%\" height=\"100%\">\r\n\t\t\t</e:Group>\r\n\t\t\t</e:Scroller>\r\n\t\t</e:Group>\r\n\t\t<e:Group id=\"_group_mahjong\" width=\"1074\" height=\"100%\" x=\"277.27\" top=\"0\" anchorOffsetX=\"0\" y=\"20\" visible=\"false\">\r\n\t\t\t<e:Scroller width=\"100%\" height=\"100%\" x=\"0\" y=\"0\" scrollPolicyV=\"off\" scrollPolicyH=\"on\">\r\n\t\t\t<e:Group id=\"_mahjong_btn_area\" width=\"100%\" height=\"100%\">\r\n\t\t\t</e:Group>\r\n\t\t\t</e:Scroller>\r\n\t\t</e:Group>\r\n\t\t<e:Group id=\"_group_game\" width=\"1074\" height=\"100%\" x=\"277.27\" top=\"0\" anchorOffsetX=\"0\" y=\"30\" visible=\"false\">\r\n\t\t\t<e:Scroller width=\"100%\" height=\"100%\" x=\"0\" y=\"0\" scrollPolicyV=\"off\" scrollPolicyH=\"on\">\r\n\t\t\t<e:Group id=\"_game_btn_area\" width=\"100%\" height=\"100%\">\r\n\t\t\t</e:Group>\r\n\t\t\t</e:Scroller>\r\n\t\t</e:Group>\r\n\t</e:Group>\r\n</e:Skin>"
    },
    {
      "path": "resource/exml/login/LoginViewSkin.exml",
      "content": "<?xml version=\"1.0\" encoding=\"utf-8\"?>\r\n<e:Skin class=\"LoginViewSkin\" xmlns:e=\"http://ns.egret.com/eui\" xmlns:w=\"http://ns.egret.com/wing\" width=\"1472\" height=\"828\">\r\n\t<e:Image id=\"bgImg\" width=\"100%\" height=\"100%\" source=\"login_bg_png\" horizontalCenter=\"0\" verticalCenter=\"0\" locked=\"true\"/>\r\n\t<e:Group id=\"_group_btn_0\" width=\"688\" height=\"484\" x=\"672\" y=\"306\" anchorOffsetX=\"0\" anchorOffsetY=\"0\">\r\n\t\t<e:Button id=\"_btn_visitor\" label=\"\" scaleX=\"1\" scaleY=\"1\" verticalCenter=\"0\" left=\"0\">\r\n\t\t\t<e:skinName>\r\n\t\t\t\t<e:Skin states=\"up,down,disabled\">\r\n\t\t\t\t<e:Image width=\"100%\" height=\"100%\" source=\"visitor_btn_0_png\" source.down=\"visitor_btn_1_png\"/>\r\n\t\t\t\t<e:Label id=\"labelDisplay\" horizontalCenter=\"0\" verticalCenter=\"0\"/>\r\n\t\t\t\t</e:Skin>\r\n\t\t\t</e:skinName>\r\n\r\n\t\t</e:Button>\r\n\t\t<e:Button id=\"_btn_account\" label=\"\" scaleX=\"1\" scaleY=\"1\" verticalCenter=\"0\" right=\"0\">\r\n\t\t\t<e:skinName>\r\n\t\t\t\t<e:Skin states=\"up,down,disabled\">\r\n\t\t\t\t<e:Image width=\"100%\" height=\"100%\" source=\"account_btn_0_png\" source.down=\"account_btn_1_png\"/>\r\n\t\t\t\t<e:Label id=\"labelDisplay\" horizontalCenter=\"0\" verticalCenter=\"0\"/>\r\n\t\t\t\t</e:Skin>\r\n\t\t\t</e:skinName>\r\n\r\n\t\t</e:Button>\r\n\t</e:Group>\r\n\t<e:Group id=\"_group_btn_1\" width=\"848\" height=\"528\" anchorOffsetX=\"0\" anchorOffsetY=\"0\" right=\"68\" bottom=\"112\" visible=\"false\">\r\n\t\t<e:Image width=\"100%\" height=\"100%\" x=\"0\" y=\"0\" source=\"pop_ups_png\" scaleX=\"1\" scaleY=\"1\" anchorOffsetX=\"0\" anchorOffsetY=\"0\"/>\r\n\t\t<e:Button id=\"_btn_continue\" label=\"\" x=\"88\" y=\"361\" scaleX=\"1\" scaleY=\"1\">\r\n\t\t\t<e:skinName>\r\n\t\t\t\t<e:Skin states=\"up,down,disabled\">\r\n\t\t\t\t<e:Image width=\"100%\" height=\"100%\" source=\"continue_btn_0_png\" source.down=\"continue_btn_1_png\"/>\r\n\t\t\t\t<e:Label id=\"labelDisplay\" horizontalCenter=\"0\" verticalCenter=\"0\"/>\r\n\t\t\t\t</e:Skin>\r\n\t\t\t</e:skinName>\r\n\r\n\t\t</e:Button>\r\n\t\t<e:Button id=\"_btn_register\" label=\"\" x=\"502\" y=\"361\" scaleX=\"1\" scaleY=\"1\">\r\n\t\t\t<e:skinName>\r\n\t\t\t\t<e:Skin states=\"up,down,disabled\">\r\n\t\t\t\t<e:Image width=\"100%\" height=\"100%\" source=\"register_btn_0_png\" source.down=\"register_btn_1_png\"/>\r\n\t\t\t\t<e:Label id=\"labelDisplay\" horizontalCenter=\"0\" verticalCenter=\"0\"/>\r\n\t\t\t\t</e:Skin>\r\n\t\t\t</e:skinName>\r\n\r\n\t\t</e:Button>\r\n\t\t<e:Image width=\"172\" height=\"42\" y=\"18\" source=\"title_prompt_png\" anchorOffsetX=\"0\" anchorOffsetY=\"0\" horizontalCenter=\"0\" x=\"94\" scaleX=\"1\" scaleY=\"1\"/>\r\n\t</e:Group>\r\n\r\n\r\n\r\n\r\n\r\n\r\n\r\n\r\n\r\n\r\n\r\n\t<e:Group id=\"_group_btn_2\" verticalCenter=\"42\" horizontalCenter=\"254\" width=\"848\" height=\"528\" visible=\"false\">\r\n\t\t<e:Image touchEnabled=\"false\" source=\"pop_ups_png\" horizontalCenter=\"0\" verticalCenter=\"0\"/>\r\n\t\t<e:Image width=\"173\" height=\"42\" scaleX=\"1\" scaleY=\"1\" source=\"title_login_png\" horizontalCenter=\"0.5\" top=\"20\"/>\r\n\t\t<e:Image y=\"138\" touchEnabled=\"false\" source=\"Input_bg_png\" horizontalCenter=\"0.5\" width=\"647\"/>\r\n\t\t<e:EditableText id=\"_phone_txt\" width=\"290\" height=\"45\" x=\"124\" y=\"147\" anchorOffsetX=\"0\" anchorOffsetY=\"0\" textColor=\"0xffffff\" size=\"25\" restrict=\"0-9\" textAlign=\"left\" verticalAlign=\"middle\" prompt=\"请输入手机号\" promptColor=\"0xffffff\"/>\r\n\t\t<e:EditableText id=\"_verify_code_txt\" width=\"290\" height=\"39\" x=\"124\" y=\"272\" anchorOffsetX=\"0\" anchorOffsetY=\"0\" displayAsPassword=\"false\" restrict=\"0-9\" textColor=\"0xffffff\" size=\"25\" verticalAlign=\"middle\" textAlign=\"left\" promptColor=\"0xffffff\" prompt=\"请输入验证码\"/>\r\n\t\t<e:CheckBox id=\"zzzh_btn\" label=\"\" x=\"96\" y=\"414\" selected=\"true\" visible=\"false\" locked=\"true\">\r\n\t\t\t<e:skinName>\r\n\t\t\t<e:Skin states=\"up,down,disabled\">\r\n\t\t\t\t<e:Image width=\"100%\" height=\"100%\" source=\"ChooseExt\" source.down=\"ChooseInt\"/>\r\n\t\t\t\t<e:Label id=\"labelDisplay\" horizontalCenter=\"0\" verticalCenter=\"0\"/>\r\n\t\t\t</e:Skin>\r\n\t\t\t</e:skinName>\r\n\t\t</e:CheckBox>\r\n\t\t<e:Label text=\"记住账号\" x=\"126\" y=\"415.5\" size=\"20\" visible=\"false\" locked=\"true\"/>\r\n\r\n\r\n\t\t<e:Button id=\"_btn_login\" label=\"\" y=\"370\" horizontalCenter=\"0\">\r\n\t\t\t<e:skinName>\r\n\t\t\t\t<e:Skin states=\"up,down,disabled\">\r\n\t\t\t\t<e:Image width=\"100%\" height=\"100%\" source=\"login_btn_0_png\" source.down=\"login_btn_1_png\"/>\r\n\t\t\t\t<e:Label id=\"labelDisplay\" horizontalCenter=\"0\" verticalCenter=\"0\"/>\r\n\t\t\t\t</e:Skin>\r\n\t\t\t</e:skinName>\r\n\r\n\r\n\t\t</e:Button>\r\n\t\t<e:Button id=\"_btn_verify\" label=\"\" x=\"566\" y=\"256\">\r\n\t\t\t<e:skinName>\r\n\t\t\t\t<e:Skin states=\"up,down,disabled\">\r\n\t\t\t\t<e:Image width=\"100%\" height=\"100%\" source=\"verify_btn_0_png\" source.down=\"verify_btn_1_png\"/>\r\n\t\t\t\t<e:Label id=\"labelDisplay\" horizontalCenter=\"0\" verticalCenter=\"0\"/>\r\n\t\t\t\t</e:Skin>\r\n\t\t\t</e:skinName>\r\n\r\n\t\t</e:Button>\r\n\t</e:Group>\r\n\r\n\r\n</e:Skin>"
    },
    {
      "path": "resource/exml/nn/NNCardViewSkin.exml",
      "content": "<?xml version=\"1.0\" encoding=\"utf-8\"?>\n<e:Skin class=\"NNCardViewSkin\" width=\"540\" height=\"290\" xmlns:e=\"http://ns.egret.com/eui\" xmlns:w=\"http://ns.egret.com/wing\">\n\t<e:Group id=\"bg_group\" y=\"0\" x=\"70\" locked=\"true\">\n\t\t<e:Image id=\"bg_img\" y=\"-4\" touchEnabled=\"false\" source=\"gamelog_json.bg\" scale9Grid=\"30,30,10,10\" anchorOffsetX=\"0\" anchorOffsetY=\"0\" width=\"555\" height=\"295\" x=\"-77\"/>\n\t\t<e:Label text=\"闲1\" x=\"-33\" y=\"97\" textColor=\"0x05D4FF\" fontFamily=\"Microsoft YaHei\" scaleX=\"1\" scaleY=\"1\" size=\"30\"/>\n\t\t<e:Label text=\"庄\" x=\"-15\" y=\"25\" fontFamily=\"Microsoft YaHei\" scaleX=\"1\" scaleY=\"1\" textColor=\"0xff0000\" size=\"30\"/>\n\t\t<e:Label text=\"闲2\" x=\"-33\" y=\"169\" textColor=\"0x05D4FF\" fontFamily=\"Microsoft YaHei\" scaleX=\"1\" scaleY=\"1\" size=\"30\"/>\n\t\t<e:Label text=\"闲3\" x=\"-33\" y=\"241\" textColor=\"0x05D4FF\" fontFamily=\"Microsoft YaHei\" scaleX=\"1\" scaleY=\"1\" size=\"30\"/>\n\t</e:Group>\n\t<e:Group id=\"card_group\" y=\"8\" horizontalCenter=\"13\" locked=\"true\">\n\t\t<e:Image id=\"zcard_1\" x=\"34\" y=\"38\" scaleX=\"0.46\" scaleY=\"0.46\" anchorOffsetX=\"50\" anchorOffsetY=\"70\" source=\"gameCard_json.card_back\"/>\n\t\t<e:Image id=\"zcard_2\" source=\"gameCard_json.card_back\" x=\"93\" y=\"38\" scaleX=\"0.46\" scaleY=\"0.46\" smoothing=\"true\" anchorOffsetX=\"50\" anchorOffsetY=\"70\"/>\n\t\t<e:Image id=\"zcard_3\" source=\"gameCard_json.card_back\" x=\"152\" y=\"38\" scaleX=\"0.46\" scaleY=\"0.46\" smoothing=\"true\" anchorOffsetX=\"50\" anchorOffsetY=\"70\"/>\n\t\t<e:Image id=\"zcard_4\" source=\"gameCard_json.card_back\" x=\"211\" y=\"38\" scaleX=\"0.46\" scaleY=\"0.46\" smoothing=\"true\" anchorOffsetX=\"50\" anchorOffsetY=\"70\"/>\n\t\t<e:Image id=\"zcard_5\" source=\"gameCard_json.card_back\" x=\"270\" y=\"38\" scaleX=\"0.46\" scaleY=\"0.46\" smoothing=\"true\" anchorOffsetX=\"50\" anchorOffsetY=\"70\"/>\n\t\t<e:Image id=\"x1card_1\" source=\"gameCard_json.card_back\" x=\"34\" y=\"105\" scaleX=\"0.46\" scaleY=\"0.46\" smoothing=\"true\" anchorOffsetX=\"50\" anchorOffsetY=\"70\"/>\n\t\t<e:Image id=\"x1card_2\" source=\"gameCard_json.card_back\" x=\"93\" y=\"105\" scaleX=\"0.46\" scaleY=\"0.46\" smoothing=\"true\" anchorOffsetX=\"50\" anchorOffsetY=\"70\"/>\n\t\t<e:Image id=\"x1card_3\" source=\"gameCard_json.card_back\" x=\"152\" y=\"105\" scaleX=\"0.46\" scaleY=\"0.46\" smoothing=\"true\" anchorOffsetX=\"50\" anchorOffsetY=\"70\"/>\n\t\t<e:Image id=\"x1card_4\" source=\"gameCard_json.card_back\" x=\"211\" y=\"105\" scaleX=\"0.46\" scaleY=\"0.46\" smoothing=\"true\" anchorOffsetX=\"50\" anchorOffsetY=\"70\"/>\n\t\t<e:Image id=\"x2card_1\" source=\"gameCard_json.card_back\" x=\"34\" y=\"172\" scaleX=\"0.46\" scaleY=\"0.46\" smoothing=\"true\" anchorOffsetX=\"50\" anchorOffsetY=\"70\"/>\n\t\t<e:Image id=\"x2card_2\" source=\"gameCard_json.card_back\" x=\"93\" y=\"172\" scaleX=\"0.46\" scaleY=\"0.46\" smoothing=\"true\" anchorOffsetX=\"50\" anchorOffsetY=\"70\"/>\n\t\t<e:Image id=\"x2card_3\" source=\"gameCard_json.card_back\" x=\"152\" y=\"172\" scaleX=\"0.46\" scaleY=\"0.46\" smoothing=\"true\" anchorOffsetX=\"50\" anchorOffsetY=\"70\"/>\n\t\t<e:Image id=\"x2card_4\" source=\"gameCard_json.card_back\" x=\"211\" y=\"172\" scaleX=\"0.46\" scaleY=\"0.46\" smoothing=\"true\" anchorOffsetX=\"50\" anchorOffsetY=\"70\"/>\n\t\t<e:Image id=\"x3card_1\" source=\"gameCard_json.card_back\" x=\"34\" y=\"240\" scaleX=\"0.46\" scaleY=\"0.46\" smoothing=\"true\" anchorOffsetX=\"50\" anchorOffsetY=\"70\"/>\n\t\t<e:Image id=\"x3card_2\" source=\"gameCard_json.card_back\" x=\"93\" y=\"240\" scaleX=\"0.46\" scaleY=\"0.46\" smoothing=\"true\" anchorOffsetX=\"50\" anchorOffsetY=\"70\"/>\n\t\t<e:Image id=\"x3card_3\" source=\"gameCard_json.card_back\" x=\"152\" y=\"240\" scaleX=\"0.46\" scaleY=\"0.46\" smoothing=\"true\" anchorOffsetX=\"50\" anchorOffsetY=\"70\"/>\n\t\t<e:Image id=\"x3card_4\" source=\"gameCard_json.card_back\" x=\"211\" y=\"240\" scaleX=\"0.46\" scaleY=\"0.46\" smoothing=\"true\" anchorOffsetX=\"50\" anchorOffsetY=\"70\"/>\n\t\t<e:Label id=\"x2_result_txt\" text=\"牛一\" x=\"310\" y=\"157\" size=\"25\" anchorOffsetX=\"0\" width=\"60\" anchorOffsetY=\"0\" height=\"30\" fontFamily=\"Microsoft YaHei\" scaleX=\"1\" scaleY=\"1\"/>\n\t\t<e:Label id=\"x3_result_txt\" text=\"牛一\" x=\"310\" y=\"222\" size=\"25\" anchorOffsetX=\"0\" width=\"60\" anchorOffsetY=\"0\" height=\"30\" fontFamily=\"Microsoft YaHei\" scaleX=\"1\" scaleY=\"1\"/>\n\t\t<e:Image id=\"x1card_5\" source=\"gameCard_json.card_back\" x=\"270\" y=\"105\" scaleX=\"0.46\" scaleY=\"0.46\" smoothing=\"true\" anchorOffsetX=\"50\" anchorOffsetY=\"70\"/>\n\t\t<e:Image id=\"x3card_5\" source=\"gameCard_json.card_back\" x=\"270\" y=\"240\" scaleX=\"0.46\" scaleY=\"0.46\" smoothing=\"true\" anchorOffsetX=\"50\" anchorOffsetY=\"70\"/>\n\t\t<e:Image id=\"x2card_5\" source=\"gameCard_json.card_back\" x=\"270\" y=\"172\" scaleX=\"0.46\" scaleY=\"0.46\" smoothing=\"true\" anchorOffsetX=\"50\" anchorOffsetY=\"70\"/>\n\t\t<e:Label id=\"z_result_txt\" text=\"牛一\" x=\"310\" y=\"26\" size=\"25\" anchorOffsetX=\"0\" width=\"60\" anchorOffsetY=\"0\" height=\"30\" fontFamily=\"Microsoft YaHei\" scaleX=\"1\" scaleY=\"1\" textColor=\"0xff0202\"/>\n\t\t<e:Label id=\"x1_result_txt\" text=\"牛一\" x=\"310\" y=\"91\" size=\"25\" anchorOffsetX=\"0\" width=\"60\" anchorOffsetY=\"0\" height=\"30\" fontFamily=\"Microsoft YaHei\" scaleX=\"1\" scaleY=\"1\"/>\n\t</e:Group>\n\t<e:Group id=\"dw_group\" x=\"466\" y=\"230\" locked=\"true\">\n\t\t<e:Image source=\"gamehall_json.moneyLable\" y=\"0\" horizontalCenter=\"1\"/>\n\t\t<e:Label text=\"定位\" y=\"5\" size=\"16\" fontFamily=\"Microsoft YaHei\" horizontalCenter=\"1\" textColor=\"0xffff00\"/>\n\t</e:Group>\n</e:Skin>"
    },
    {
      "path": "resource/exml/nn/NNGameItemSkin.exml",
      "content": "<?xml version=\"1.0\" encoding=\"utf-8\"?>\n<e:Skin class=\"NNGameItemSkin\" width=\"540\" height=\"200\" xmlns:e=\"http://ns.egret.com/eui\" xmlns:ns1=\"*\">\n\n</e:Skin>"
    },
    {
      "path": "resource/exml/nn/NNGameListSkin.exml",
      "content": "<?xml version=\"1.0\" encoding=\"utf-8\"?>\n<e:Skin class=\"NNGameListSkin\" width=\"540\" height=\"200\" xmlns:e=\"http://ns.egret.com/eui\" xmlns:w=\"http://ns.egret.com/wing\">\n\t<e:Image width=\"90\" height=\"50\" x=\"0\" y=\"0\" source=\"nnztag\"/>\n\t<e:Image width=\"90\" height=\"50\" x=\"0\" y=\"50\" source=\"nnxtag\"/>\n\t<e:Image width=\"90\" height=\"50\" x=\"0\" y=\"100\" source=\"nnxtag\"/>\n\t<e:Image width=\"90\" height=\"50\" x=\"0\" y=\"150\" source=\"nnxtag\"/>\n\t<e:Label text=\"庄\" x=\"30\" y=\"10\"/>\n\t<e:Label text=\"闲1\" x=\"22\" y=\"60\"/>\n\t<e:Label text=\"闲2\" x=\"22\" y=\"110\"/>\n\t<e:Label text=\"闲3\" x=\"22\" y=\"160\"/>\n\t<e:Scroller id=\"scroller\" width=\"450\" height=\"200\" x=\"90\" y=\"0\">\n\t</e:Scroller>\n    <e:List id=\"list\" width=\"0\" height=\"0\" x=\"90\" y=\"0\" itemRendererSkinName=\"\">\n\t\t<e:layout>\n\t\t<e:HorizontalLayout verticalAlign=\"top\" horizontalAlign=\"left\" gap=\"0\"/>\n\t\t</e:layout>\n\t</e:List>\n\t\n</e:Skin>"
    },
    {
      "path": "resource/exml/nn/NNListViewSkin.exml",
      "content": "<?xml version=\"1.0\" encoding=\"utf-8\"?>\n<e:Skin class=\"NNListViewSkin\" xmlns:e=\"http://ns.egret.com/eui\" xmlns:w=\"http://ns.egret.com/wing\">\n    <e:Image id=\"bgImg\" smoothing=\"true\" scale9Grid=\"10,10,10,10\" source=\"page_bg_jpg\" verticalCenter=\"0\" horizontalCenter=\"-0.5\"/>\n\t<e:Group top=\"0\" horizontalCenter=\"-0.5\" width=\"100%\" height=\"72\" locked=\"true\">\n\t\t<e:Image source=\"bxbg\" smoothing=\"true\" scale9Grid=\"10,10,10,10\" anchorOffsetX=\"0\" width=\"100%\" anchorOffsetY=\"0\" height=\"72\"/>\n\t\t<e:Button id=\"rt_btn\" label=\"\" x=\"15\" y=\"15\">\n\t\t\t<e:skinName>\n\t\t\t<e:Skin states=\"up,down,disabled\">\n\t\t\t\t<e:Image width=\"100%\" height=\"100%\" source=\"rt_btn\" source.down=\"rt_btn2\"/>\n\t\t\t\t<e:Label id=\"labelDisplay\" horizontalCenter=\"0\" verticalCenter=\"0\"/>\n\t\t\t</e:Skin>\n\t\t\t</e:skinName>\n\t\t</e:Button>\n\t\t<e:Label text=\"现场牛牛\" x=\"220\" y=\"22\" size=\"25\" textColor=\"0xd5db08\"/>\n\t</e:Group>\n    \t<e:Scroller id=\"scroller\" anchorOffsetX=\"0\" anchorOffsetY=\"0\" y=\"72\" width=\"100%\" height=\"888\" horizontalCenter=\"0\" locked=\"true\">\n\t\t<e:List id=\"table_list\" width=\"100%\" height=\"100%\" anchorOffsetY=\"0\" y=\"-1\">\n\n\t\t</e:List>\n\t</e:Scroller>\n</e:Skin>"
    },
    {
      "path": "resource/exml/nn/NNTableItemSkin.exml",
      "content": "<?xml version=\"1.0\" encoding=\"utf-8\"?>\n<e:Skin class=\"NNTableItemSkin\" width=\"540\" height=\"232\" xmlns:e=\"http://ns.egret.com/eui\" xmlns:ns1=\"*\">\n\t<e:Image width=\"540\" height=\"55\" x=\"0\" y=\"0\" source=\"nntitilebg\" touchEnabled=\"false\"/>\n\t<e:Image width=\"540\" height=\"177\" x=\"5\" y=\"55.5\" source=\"gamehall_json.nntablebg\" touchEnabled=\"false\"/>\n\t<e:Image width=\"54\" height=\"46\" x=\"0\" y=\"55\" source=\"nnztag\" touchEnabled=\"false\"/>\n\t<e:Image width=\"54\" height=\"46\" x=\"0\" y=\"99\" source=\"nnxtag\" touchEnabled=\"false\"/>\n\t<e:Image width=\"54\" height=\"46\" x=\"0\" y=\"144\" source=\"nnxtag\" touchEnabled=\"false\"/>\n\t<e:Image width=\"54\" height=\"46\" x=\"0\" y=\"188\" source=\"nnxtag\" touchEnabled=\"false\"/>\n\t<e:Label text=\"庄\" x=\"11\" y=\"63\" anchorOffsetX=\"0\" width=\"33\" touchEnabled=\"false\"/>\n\t<e:Label text=\"闲1\" x=\"4\" y=\"107\" touchEnabled=\"false\"/>\n\t<e:Label text=\"闲2\" x=\"4\" y=\"152\" touchEnabled=\"false\"/>\n\t<e:Label text=\"闲3\" x=\"4\" y=\"196\" touchEnabled=\"false\"/>\n\n\t<e:Label id=\"name_txt\" text=\"百家乐01号\" x=\"3\" y=\"20\" size=\"18\" width=\"128\" touchEnabled=\"false\"/>\n\t<e:Label id=\"xian1_txt\" text=\"闲1:0\" x=\"263\" y=\"20\" size=\"18\" textColor=\"0x05d4ff\" touchEnabled=\"false\"/>\n\t<e:Label id=\"xian2_txt\" text=\"闲2:0\" x=\"350\" y=\"20\" size=\"18\" textColor=\"0x05d4ff\" touchEnabled=\"false\"/>\n\t<e:Label id=\"xian3_txt\" text=\"闲3:0\" x=\"437\" y=\"20\" size=\"18\" textColor=\"0x05d4ff\" touchEnabled=\"false\"/>\n\t<e:Label id=\"xh_txt\" text=\"\" x=\"99\" y=\"22\" size=\"16\" width=\"137\" textAlign=\"center\" anchorOffsetX=\"0\" touchEnabled=\"false\"/>\n\t<e:Group id=\"dataGroup\" width=\"0\" height=\"0\" x=\"55\" y=\"55\" anchorOffsetY=\"0\" touchEnabled=\"false\" touchChildren=\"false\" touchThrough=\"true\">\n\t</e:Group>\n\n\t<e:Label id=\"time_txt\" text=\"20\" x=\"486\" y=\"12\" size=\"38\" textColor=\"0xfc0202\" alpha=\"0.5\" touchEnabled=\"false\" width=\"52\" textAlign=\"center\"/>\n\t<e:Label id=\"in_txt\" text=\"点击进入游戏\" x=\"283\" y=\"170\" anchorOffsetX=\"0\" width=\"233\" anchorOffsetY=\"0\" height=\"37\" verticalAlign=\"middle\" textAlign=\"center\" touchEnabled=\"false\" alpha=\"0.5\" textColor=\"0xBFA0A0\" bold=\"true\"/>\n\t<e:Image id=\"xpz_img\" source=\"shuffling\" horizontalCenter=\"0\" verticalCenter=\"18.5\" touchEnabled=\"false\"/>\n\t<e:Group id=\"xhPanel\" width=\"540\" height=\"177\" x=\"0\" y=\"55\" anchorOffsetX=\"0\" anchorOffsetY=\"0\" visible=\"false\">\n\t\t<e:Rect width=\"540\" height=\"177\" x=\"0\" y=\"-0.5\" fillColor=\"0x303030\" strokeColor=\"0x444444\" alpha=\"0.8\" touchChildren=\"false\" touchEnabled=\"false\"/>\n\t\t<e:Button id=\"xhSelect1\" label=\"\" width=\"538\" height=\"30\" x=\"1\" y=\"16\">\n\t\t\t<e:skinName>\n\t\t\t\t<e:Skin states=\"up,down,disabled\">\n\t\t\t\t<e:Image width=\"100%\" height=\"100%\" source=\"clickSelect\" source.down=\"clickSelect2\"/>\n\t\t\t\t<e:Label id=\"labelDisplay\" horizontalCenter=\"0\" verticalCenter=\"0\" xmlns:tween=\"egret.tween.*\"/>\n\t\t\t\t</e:Skin>\n\t\t\t</e:skinName>\n\t\t</e:Button>\n\t\t<e:Button id=\"xhSelect2\" label=\"\" width=\"538\" height=\"30\" x=\"1\" y=\"74\">\n\t\t\t<e:skinName>\n\t\t\t\t<e:Skin states=\"up,down,disabled\">\n\t\t\t\t<e:Image width=\"100%\" height=\"100%\" source=\"clickSelect\" source.down=\"clickSelect2\"/>\n\t\t\t\t<e:Label id=\"labelDisplay\" horizontalCenter=\"0\" verticalCenter=\"0\" xmlns:tween=\"egret.tween.*\"/>\n\t\t\t\t</e:Skin>\n\t\t\t</e:skinName>\n\t\t</e:Button>\n\t\t<e:Button id=\"xhSelect3\" label=\"\" width=\"538\" height=\"30\" x=\"1\" y=\"131\">\n\t\t\t<e:skinName>\n\t\t\t\t<e:Skin states=\"up,down,disabled\">\n\t\t\t\t<e:Image width=\"100%\" height=\"100%\" source=\"clickSelect\" source.down=\"clickSelect2\"/>\n\t\t\t\t<e:Label id=\"labelDisplay\" horizontalCenter=\"0\" verticalCenter=\"0\" xmlns:tween=\"egret.tween.*\"/>\n\t\t\t\t</e:Skin>\n\t\t\t</e:skinName>\n\t\t</e:Button>\n\t\t<e:Label id=\"xhtxt1\" text=\"限红:5000 - 10000\" x=\"165\" y=\"20\" size=\"22\" width=\"210\" textAlign=\"center\" touchEnabled=\"false\" textColor=\"0xffffff\"/>\n\t\t<e:Label id=\"xhtxt2\" text=\"限红:5000 - 10000\" x=\"165\" y=\"78\" size=\"22\" width=\"210\" textAlign=\"center\" touchEnabled=\"false\" textColor=\"0xffffff\"/>\n\t\t<e:Label id=\"xhtxt3\" text=\"限红:5000 - 10000\" x=\"165\" y=\"136\" size=\"22\" width=\"210\" textAlign=\"center\" touchEnabled=\"false\" textColor=\"0xffffff\"/>\n\t</e:Group>\n</e:Skin>"
    },
    {
      "path": "resource/exml/nn/NNViewSkin.exml",
      "content": "<?xml version=\"1.0\" encoding=\"utf-8\"?>\n<e:Skin class=\"NNViewSkin\" xmlns:e=\"http://ns.egret.com/eui\" xmlns:w=\"http://ns.egret.com/wing\">\n\t<e:Image id=\"bgImg\" smoothing=\"true\" scale9Grid=\"10,10,10,10\" source=\"page_bg_jpg\" width=\"100%\" height=\"100%\" verticalCenter=\"-1\" horizontalCenter=\"0\" locked=\"true\"/>\n\t<e:Image source=\"tableBg\" x=\"0\" y=\"0\" width=\"100%\" locked=\"true\"/>\n\t<e:Image id=\"tablebgImg\" y=\"499\" width=\"100%\" horizontalCenter=\"0\" source=\"gameTableBG\" locked=\"true\"/>\n\t<e:Image source=\"nnBet_json.nn_betAreaBG\" x=\"0\" y=\"499\" locked=\"true\"/>\n<e:Group id=\"bg_grp\" x=\"0\" y=\"0\" locked=\"true\">\n\t<e:Label text=\"多倍\" x=\"115\" y=\"574\" size=\"20\" fontFamily=\"Microsoft YaHei\" bold=\"true\"/>\n\t\t<e:Image source=\"tab_bg\" x=\"0\" y=\"261\"/>\n\t\t<e:Label id=\"gameName_txt\" text=\"牛牛10号台\" x=\"20\" y=\"272\" size=\"20\" anchorOffsetX=\"0\" width=\"125\" anchorOffsetY=\"0\" height=\"21\"/>\n\t\t<e:Label id=\"xian1_txt\" text=\"闲1:1\" x=\"172\" y=\"273\" size=\"20\" textColor=\"0x05D4FF\"/>\n\t\t<e:Label id=\"xian2_txt\" text=\"闲2:1\" x=\"277\" y=\"273\" size=\"20\" textColor=\"0x05D4FF\"/>\n\t\t<e:Label id=\"xian3_txt\" text=\"闲3:1\" x=\"381\" y=\"273\" size=\"20\" textColor=\"0x05D4FF\"/>\n\t\t<e:Image source=\"logoicon\" x=\"233\" y=\"615\" scaleX=\"0.6\" scaleY=\"0.6\"/>\n\t<e:Label text=\"翻倍\" x=\"25\" y=\"574\" size=\"20\" fontFamily=\"Microsoft YaHei\" bold=\"true\"/>\n\t<e:Label text=\"1:0.97\" x=\"30\" y=\"608\" size=\"10\" fontFamily=\"Microsoft YaHei\"/>\n\t<e:Label text=\"1:0.97\" x=\"480\" y=\"608\" size=\"10\" fontFamily=\"Microsoft YaHei\"/>\n\t<e:Label text=\"1:0.97\" x=\"391\" y=\"608\" size=\"10\" fontFamily=\"Microsoft YaHei\"/>\n\t<e:Label text=\"1:0.97\" x=\"301\" y=\"608\" size=\"10\" fontFamily=\"Microsoft YaHei\"/>\n\t<e:Label text=\"1:0.97\" x=\"249\" y=\"729\" size=\"15\" fontFamily=\"Microsoft YaHei\"/>\n\t<e:Label text=\"1:0.97\" x=\"425.5\" y=\"729\" size=\"15\" fontFamily=\"Microsoft YaHei\"/>\n\t<e:Label text=\"1:0.97\" x=\"72\" y=\"729\" size=\"15\" fontFamily=\"Microsoft YaHei\"/>\n\t<e:Label text=\"1:0.97\" x=\"211\" y=\"608\" size=\"10\" fontFamily=\"Microsoft YaHei\"/>\n\t<e:Label text=\"1:0.97\" x=\"121\" y=\"608\" size=\"10\" fontFamily=\"Microsoft YaHei\"/>\n\t<e:Label text=\"平倍\" x=\"67\" y=\"694\" size=\"25\" fontFamily=\"Microsoft YaHei\" bold=\"true\"/>\n\t<e:Label text=\"平倍\" x=\"245\" y=\"694\" size=\"25\" fontFamily=\"Microsoft YaHei\" bold=\"true\"/>\n\t<e:Label text=\"平倍\" x=\"422\" y=\"694\" size=\"25\" fontFamily=\"Microsoft YaHei\" bold=\"true\"/>\n\t<e:Label text=\"多倍\" x=\"295\" y=\"574\" size=\"20\" fontFamily=\"Microsoft YaHei\" bold=\"true\"/>\n\t<e:Label text=\"多倍\" x=\"475\" y=\"574\" size=\"20\" fontFamily=\"Microsoft YaHei\" bold=\"true\"/>\n\t<e:Label text=\"翻倍\" x=\"385\" y=\"574\" size=\"20\" fontFamily=\"Microsoft YaHei\" bold=\"true\"/>\n\t<e:Label text=\"翻倍\" x=\"205\" y=\"574\" size=\"20\" fontFamily=\"Microsoft YaHei\" bold=\"true\"/>\n\t</e:Group>\n\t<e:Group id=\"table_grp\" x=\"35\" y=\"608\">\n\t\t<e:Image source=\"totalIco\" x=\"391\" y=\"157\"/>\n\t\t<e:Image source=\"totalIco\" x=\"89\" y=\"22\"/>\n\t\t<e:Image source=\"totalIco\" x=\"268\" y=\"22\"/>\n\t\t<e:Image source=\"totalIco\" x=\"214\" y=\"157\"/>\n\t\t<e:Image source=\"totalIco\" x=\"447\" y=\"22\"/>\n\t\t<e:Image source=\"totalIco\" x=\"0\" y=\"22\"/>\n\t\t<e:Image source=\"totalIco\" x=\"36\" y=\"157\"/>\n\t\t<e:Image source=\"totalIco\" x=\"358\" y=\"22\"/>\n\t\t<e:Image source=\"totalIco\" x=\"179\" y=\"22\"/>\n\n        <e:Label id=\"a1num_txt\" text=\"0\" x=\"64\" y=\"156\" size=\"15\" textColor=\"0xd1c347\"/>\n\t\t<e:Label id=\"a3num_txt\" text=\"0\" x=\"108\" y=\"21\" size=\"15\" textColor=\"0xd1c347\"/>\n        <e:Label id=\"a2num_txt\" text=\"0\" x=\"17\" y=\"21\" size=\"15\" textColor=\"0xd1c347\"/>\n\n        <e:Label id=\"b1num_txt\" text=\"0\" x=\"241\" y=\"156\" size=\"15\" textColor=\"0xd1c347\"/>\n\t\t<e:Label id=\"b3num_txt\" text=\"0\" x=\"289\" y=\"21\" size=\"15\" textColor=\"0xd1c347\"/>\n        <e:Label id=\"b2num_txt\" text=\"0\" x=\"199\" y=\"21\" size=\"15\" textColor=\"0xd1c347\"/>\n\n\t\t<e:Label id=\"c1num_txt\" text=\"0\" x=\"417\" y=\"156\" size=\"15\" textColor=\"0xd1c347\"/>\n\t\t<e:Label id=\"c3num_txt\" text=\"0\" x=\"471\" y=\"21\" size=\"15\" textColor=\"0xd1c347\"/>\n        <e:Label id=\"c2num_txt\" text=\"0\" x=\"380\" y=\"21\" size=\"15\" textColor=\"0xd1c347\"/>\n\t\t<e:Label text=\"闲1\" x=\"31\" y=\"-99\" textColor=\"0x05D4FF\" fontFamily=\"Microsoft YaHei\" scaleX=\"1\" scaleY=\"1\" bold=\"true\"/>\n\t\t<e:Label text=\"闲2\" x=\"212\" y=\"-99\" textColor=\"0x05D4FF\" fontFamily=\"Microsoft YaHei\" scaleX=\"1\" scaleY=\"1\" bold=\"true\"/>\n\t\t<e:Label text=\"闲3\" x=\"392\" y=\"-99\" textColor=\"0x05D4FF\" fontFamily=\"Microsoft YaHei\" scaleX=\"1\" scaleY=\"1\" bold=\"true\"/>\n\n\t</e:Group>\n\t<e:Group id=\"item_grp\" x=\"125\" y=\"600\" touchEnabled=\"false\" touchChildren=\"false\" locked=\"true\">\n\t\t<e:Component id=\"a2_com\" x=\"-82\" y=\"8\"  scaleY=\"0.8\" scaleX=\"0.8\"/>\n\t\t<e:Component id=\"a3_com\" x=\"9\" y=\"8\"  scaleY=\"0.8\" scaleX=\"0.8\"/>\n\t\t<e:Component id=\"a1_com\" x=\"-35.5\" y=\"138\"/>\n\n\t\t<e:Component id=\"b2_com\" x=\"99\" y=\"8\"  scaleY=\"0.8\" scaleX=\"0.8\"/>\n\t\t<e:Component id=\"b3_com\" x=\"190\" y=\"8\"  scaleY=\"0.8\" scaleX=\"0.8\"/>\n\t\t<e:Component id=\"b1_com\" x=\"146\" y=\"138\"/>\n\n\t\t<e:Component id=\"c2_com\" x=\"281\" y=\"8\"  scaleY=\"0.8\" scaleX=\"0.8\"/>\n\t\t<e:Component id=\"c3_com\" x=\"371.5\" y=\"8\"  scaleY=\"0.8\" scaleX=\"0.8\"/>\n\t\t<e:Component id=\"c1_com\" x=\"327.5\" y=\"138\"/>\n\t</e:Group>\n\t<e:Group id=\"area_grp\" x=\"0\" y=\"497\" touchEnabled=\"false\" locked=\"true\">\n\t\t<e:Image id=\"aArea_img\" source=\"nn_betLight_a1\" x=\"0\" y=\"3\" alpha=\"0\"/>\n\t\t<e:Image id=\"a2Area_img\" source=\"nn_betLight_a2\" x=\"0\" y=\"54\" alpha=\"0\"/>\n\t\t<e:Image id=\"a3Area_img\" source=\"nn_betLight_a3\" x=\"90\" y=\"54\" alpha=\"0\"/>\n\t\t<e:Image id=\"a1Area_img\" source=\"nn_betLight_a4\" x=\"0\" y=\"155\" alpha=\"0\"/>\n\t\t<e:Image id=\"bArea_img\" source=\"nn_betLight_b1\" x=\"184\" y=\"3\" alpha=\"0\"/>\n\t\t<e:Image id=\"b2Area_img\" source=\"nn_betLight_b2\" x=\"183\" y=\"54\" alpha=\"0\"/>\n\t\t<e:Image id=\"b3Area_img\" source=\"nn_betLight_b3\" x=\"270\" y=\"54\" alpha=\"0\"/>\n\t\t<e:Image id=\"b1Area_img\" source=\"nn_betLight_b4\" x=\"183\" y=\"155\" alpha=\"0\"/>\n\t\t<e:Image id=\"cArea_img\" source=\"nn_betLight_c1\" x=\"357\" y=\"3\" alpha=\"0\"/>\n\t\t<e:Image id=\"c2Area_img\" source=\"nn_betLight_c2\" x=\"359\" y=\"54\" alpha=\"0\"/>\n\t\t<e:Image id=\"c3Area_img\" source=\"nn_betLight_c3\" x=\"453\" y=\"54\" alpha=\"0\"/>\n\t\t<e:Image id=\"c1Area_img\" source=\"nn_betLight_c4\" x=\"358\" y=\"155\" alpha=\"0\"/>\n\t</e:Group>\n\t<e:Group id=\"btn_grp\" x=\"15\" y=\"670\" touchEnabled=\"false\" touchThrough=\"false\" locked=\"true\">\n\t\t<e:Button id=\"qd_btn\" x=\"170\" y=\"116\">\n\t\t\t<e:skinName>\n\t\t\t\t<e:Skin states=\"up,down,disabled\">\n\t\t\t\t<e:Image width=\"100%\" height=\"100%\" source=\"btnBg_normal\" source.down=\"btnBg_light\"/>\n\t\t\t\t<e:Label id=\"labelDisplay\" horizontalCenter=\"0\" verticalCenter=\"0\"/>\n\t\t\t\t</e:Skin>\n\t\t\t</e:skinName>\n\t\t</e:Button>\n\t\t<e:Button id=\"qx_btn\" x=\"255\" y=\"116\">\n\t\t\t<e:skinName>\n\t\t\t\t<e:Skin states=\"up,down,disabled\">\n\t\t\t\t<e:Image width=\"100%\" height=\"100%\" source=\"btnBg_normal\" source.down=\"btnBg_light\"/>\n\t\t\t\t<e:Label id=\"labelDisplay\" horizontalCenter=\"0\" verticalCenter=\"0\"/>\n\t\t\t\t</e:Skin>\n\t\t\t</e:skinName>\n\t\t</e:Button>\n\t\t<e:Label id=\"qd_txt\" text=\"确定\" x=\"193\" y=\"128\" size=\"18\" touchEnabled=\"false\"/>\n\t\t<e:Label id=\"qx_txt\" text=\"取消\" x=\"279.5\" y=\"127.5\" size=\"18\" touchEnabled=\"false\"/>\n\t</e:Group>\n\t<e:Group id=\"time_grp\" x=\"451\" y=\"425\" touchEnabled=\"false\" touchChildren=\"false\" locked=\"true\">\n\t\t<e:Image source=\"gamehall_json.clock\" x=\"0\" y=\"0\"/>\n\t\t<e:Label id=\"timeTxt\" text=\"23\" x=\"4\" y=\"24\" size=\"22\" width=\"52\" textAlign=\"center\" scaleX=\"1\" scaleY=\"1\" anchorOffsetX=\"0\" bold=\"true\" textColor=\"0x000000\"/>\n\t</e:Group>\n\t<e:Image id=\"tip_img\" source=\"shuffling\" x=\"150\" y=\"350\" touchEnabled=\"false\" scaleX=\"1\" scaleY=\"1\" locked=\"true\"/>\n\t<e:Image id=\"pagemask_img\" source=\"routeGesture\" x=\"0\" y=\"301\" height=\"200\" locked=\"true\"/>\n\t<e:Image id=\"tablemask_img\" source=\"tablesmake\" x=\"0\" y=\"499\" locked=\"true\"/>\n\t<e:Group id=\"light_grp\" x=\"0\" y=\"497\" touchEnabled=\"false\" locked=\"true\">\n\t\t<e:Image id=\"aLight_img\" source=\"nn_betLight_a1\" x=\"0\" y=\"3\" alpha=\"0\" touchEnabled=\"false\"/>\n\t\t<e:Image id=\"a2Light_img\" source=\"nn_betLight_a2\" x=\"1\" y=\"54\" alpha=\"0\" touchEnabled=\"false\"/>\n\t\t<e:Image id=\"a3Light_img\" source=\"nn_betLight_a3\" x=\"90\" y=\"54\" alpha=\"0\" touchEnabled=\"false\"/>\n\t\t<e:Image id=\"a1Light_img\" source=\"nn_betLight_a4\" x=\"0\" y=\"155\" alpha=\"0\" touchEnabled=\"false\"/>\n\t\t<e:Image id=\"bLight_img\" source=\"nn_betLight_b1\" x=\"184\" y=\"3\" alpha=\"0\" touchEnabled=\"false\"/>\n\t\t<e:Image id=\"b2Light_img\" source=\"nn_betLight_b2\" x=\"184\" y=\"54\" alpha=\"0\" touchEnabled=\"false\"/>\n\t\t<e:Image id=\"b3Light_img\" source=\"nn_betLight_b3\" x=\"273\" y=\"54\" alpha=\"0\" touchEnabled=\"false\"/>\n\t\t<e:Image id=\"b1Light_img\" source=\"nn_betLight_b4\" x=\"183\" y=\"155\" alpha=\"0\" touchEnabled=\"false\"/>\n\t\t<e:Image id=\"cLight_img\" source=\"nn_betLight_c1\" x=\"357\" y=\"3\" alpha=\"0\" touchEnabled=\"false\"/>\n\t\t<e:Image id=\"c2Light_img\" source=\"nn_betLight_c2\" x=\"360\" y=\"54\" alpha=\"0\" touchEnabled=\"false\"/>\n\t\t<e:Image id=\"c3Light_img\" source=\"nn_betLight_c3\" x=\"453\" y=\"54\" alpha=\"0\" touchEnabled=\"false\"/>\n\t\t<e:Image id=\"c1Light_img\" source=\"nn_betLight_c4\" x=\"358\" y=\"155\" alpha=\"0\" touchEnabled=\"false\"/>\n\t</e:Group>\n\t<e:Group id=\"down_group\" horizontalCenter=\"-0.5\" width=\"100%\" height=\"46\" y=\"913\" locked=\"true\">\n\t\t<e:Image source=\"bxbg\" x=\"0\" y=\"0\" smoothing=\"true\" scale9Grid=\"10,10,10,10\" anchorOffsetX=\"0\" width=\"100%\" anchorOffsetY=\"0\" height=\"46\"/>\n\t\t<e:Button id=\"seting_btn\" x=\"98\" y=\"0\" rotation=\"359.68\">\n\t\t<e:skinName>\n\t\t\t<e:Skin states=\"up,down,disabled\">\n\t\t\t<e:Image width=\"100%\" height=\"100%\" source=\"btnBg_normal\" source.down=\"btnBg_light\"/>\n\t\t\t<e:Label id=\"labelDisplay\" horizontalCenter=\"0\" verticalCenter=\"0\"/>\n\t\t\t</e:Skin>\n\t\t</e:skinName>\n\t\t</e:Button>\n\t\t<e:Button id=\"change_btn\" x=\"443.5\" y=\"1\" rotation=\"359.68\">\n\t\t<e:skinName>\n\t\t\t<e:Skin states=\"up,down,disabled\">\n\t\t\t<e:Image width=\"100%\" height=\"100%\" source=\"btnBg_normal\" source.down=\"btnBg_light\"/>\n\t\t\t<e:Label id=\"labelDisplay\" horizontalCenter=\"0\" verticalCenter=\"0\"/>\n\t\t\t</e:Skin>\n\t\t</e:skinName>\n\t\t</e:Button>\n\t\t<e:Button id=\"lobby_btn\" x=\"5\" y=\"0\">\n\t\t<e:skinName>\n\t\t\t<e:Skin states=\"up,down,disabled\">\n\t\t\t<e:Image width=\"100%\" height=\"100%\" source=\"btnBg_normal\" source.down=\"btnBg_light\"/>\n\t\t\t<e:Label id=\"labelDisplay\" horizontalCenter=\"0\" verticalCenter=\"0\"/>\n\t\t\t</e:Skin>\n\t\t</e:skinName>\n\t\t</e:Button>\n\t\t<e:Label text=\"大厅\" x=\"27.5\" y=\"13\" size=\"18\" touchEnabled=\"false\" rotation=\"359.68\" verticalAlign=\"middle\"/>\n\t\t<e:Label text=\"设置\" x=\"122.5\" y=\"13\" size=\"18\" touchEnabled=\"false\" rotation=\"359.68\"/>\n\t\t<e:Label text=\"换台\" x=\"468.5\" y=\"13\" size=\"18\" touchEnabled=\"false\" rotation=\"359.68\"/>\n\t\t<e:Label id=\"xh_txt\" text=\"限红: 1-1000000\" x=\"185\" y=\"11\" size=\"20\" textColor=\"0xf2ce54\" width=\"256\" textAlign=\"center\" scaleX=\"1\" scaleY=\"1\" height=\"30\" anchorOffsetX=\"0\"/>\n\t\t<e:Image source=\"balance\" x=\"38\" y=\"-26\"/>\n\t\t<e:Image source=\"totalBet\" x=\"270\" y=\"-27\"/>\n\t\t<e:Label id=\"yuer_txt\" text=\"0\" x=\"122\" y=\"-21\" size=\"15\" width=\"122\" textAlign=\"center\" scaleX=\"1\" scaleY=\"1\" anchorOffsetX=\"0\" anchorOffsetY=\"0\" height=\"14\" textColor=\"0xffffff\"/>\n\t\t<e:Label text=\"余额:\" x=\"41\" y=\"-22\" size=\"15\" width=\"80\" textAlign=\"right\" scaleX=\"1\" scaleY=\"1\" textColor=\"0xffffff\" height=\"12\"/>\n\t\t<e:Label id=\"zxz_txt\" text=\"0\" x=\"364\" y=\"-22\" size=\"15\" width=\"122\" textAlign=\"center\" textColor=\"0xf2ce54\" scaleX=\"1\" scaleY=\"1\" anchorOffsetX=\"0\" anchorOffsetY=\"0\" height=\"14\"/>\n\t\t<e:Label text=\"总下注:\" x=\"281\" y=\"-22\" size=\"15\" width=\"80\" textAlign=\"right\" textColor=\"0xF2CE54\" scaleX=\"1\" scaleY=\"1\"/>\n\t</e:Group>\n\t<e:Group id=\"menu_grp\" bottom=\"45\" horizontalCenter=\"-128.5\" height=\"87\" visible=\"false\" locked=\"true\">\n\t\t<e:Image id=\"menu_img\" x=\"0\" y=\"0\" scale9Grid=\"20,20,10,10\" anchorOffsetX=\"0\" width=\"136\" anchorOffsetY=\"0\" height=\"87\" touchEnabled=\"false\" source=\"menu_bg\"/>\n\t\t<e:Button id=\"vide_btn\" label=\"\" x=\"8\" y=\"44\">\n\t\t<e:skinName>\n\t\t\t<e:Skin states=\"up,down,disabled\">\n\t\t\t<e:Image width=\"100%\" height=\"100%\" source=\"btnBgBig\" source.down=\"btnBgBig_light\"/>\n\t\t\t<e:Label id=\"labelDisplay\" horizontalCenter=\"0\" verticalCenter=\"0\"/>\n\t\t\t</e:Skin>\n\t\t</e:skinName>\n\t\t</e:Button>\n\t\t<e:Button id=\"sound_btn\" label=\"\" x=\"8\" y=\"5\">\n\t\t<e:skinName>\n\t\t\t<e:Skin states=\"up,down,disabled\">\n\t\t\t<e:Image width=\"100%\" height=\"100%\" source=\"btnBgBig\" source.down=\"btnBgBig_light\"/>\n\t\t\t<e:Label id=\"labelDisplay\" horizontalCenter=\"0\" verticalCenter=\"0\"/>\n\t\t\t</e:Skin>\n\t\t</e:skinName>\n\t\t</e:Button>\n\t\t<e:Label id=\"sound_txt\" text=\"打开声音\" x=\"32\" y=\"16.5\" size=\"18\" touchEnabled=\"false\" scaleX=\"1\" scaleY=\"1\" textColor=\"0x000000\"/>\n\t\t<e:Label id=\"vide_txt\" text=\"显示视频\" x=\"32\" y=\"55\" size=\"18\" touchEnabled=\"false\" scaleX=\"1\" scaleY=\"1\" textColor=\"0x000000\"/>\n\t</e:Group>\n</e:Skin>"
    }
  ],
  "skins": {
    "eui.Button": "resource/eui_skins/ButtonSkin.exml",
    "eui.CheckBox": "resource/eui_skins/CheckBoxSkin.exml",
    "eui.HScrollBar": "resource/eui_skins/HScrollBarSkin.exml",
    "eui.HSlider": "resource/eui_skins/HSliderSkin.exml",
    "eui.Panel": "resource/eui_skins/PanelSkin.exml",
    "eui.TextInput": "resource/eui_skins/TextInputSkin.exml",
    "eui.ProgressBar": "resource/eui_skins/ProgressBarSkin.exml",
    "eui.RadioButton": "resource/eui_skins/RadioButtonSkin.exml",
    "eui.Scroller": "resource/eui_skins/ScrollerSkin.exml",
    "eui.ToggleSwitch": "resource/eui_skins/ToggleSwitchSkin.exml",
    "eui.VScrollBar": "resource/eui_skins/VScrollBarSkin.exml",
    "eui.VSlider": "resource/eui_skins/VSliderSkin.exml",
    "eui.ItemRenderer": "resource/eui_skins/ItemRendererSkin.exml"
  }
}