{"autoGenerateExmlsList":true,"exmls":["resource/eui_skins/ButtonSkin.exml","resource/eui_skins/CheckBoxSkin.exml","resource/eui_skins/HScrollBarSkin.exml","resource/eui_skins/HSliderSkin.exml","resource/eui_skins/ItemRendererSkin.exml","resource/eui_skins/PanelSkin.exml","resource/eui_skins/ProgressBarSkin.exml","resource/eui_skins/RadioButtonSkin.exml","resource/eui_skins/ScrollerSkin.exml","resource/eui_skins/TextInputSkin.exml","resource/eui_skins/ToggleSwitchSkin.exml","resource/eui_skins/VScrollBarSkin.exml","resource/eui_skins/VSliderSkin.exml","resource/exml/alert/ChangeNameAlertSkin.exml","resource/exml/alert/ChangePwdAlertSkin.exml","resource/exml/component/AlertDialogSkin.exml","resource/exml/component/ComBoxItemSkin.exml","resource/exml/component/ComBoxSkin.exml","resource/exml/component/Hint.exml","resource/exml/component/Inthematch.exml","resource/exml/game/bjl/BJLframeSkin.exml","resource/exml/game/bjl/BJLHeadSkin.exml","resource/exml/game/bjl/BJLHeadViewSkin.exml","resource/exml/game/bjl/BJLjiesuan_1Skin.exml","resource/exml/game/bjl/BJLjiesuan_2Skin.exml","resource/exml/game/bjl/BJLjiesuan_3Skin.exml","resource/exml/game/bjl/BJLRoomMenuItemSkin.exml","resource/exml/game/bjl/BJLroomViewSkin.exml","resource/exml/game/bjl/BJLtingzhiSkin.exml","resource/exml/game/bjl/BJLTypeItemSkin.exml","resource/exml/game/bjl/BJLViewSkin.exml","resource/exml/game/bjl/BJLxiazhuSkin.exml","resource/exml/game/brnn/BRNNframeSkin.exml","resource/exml/game/brnn/BRNNHeadSkin.exml","resource/exml/game/brnn/BRNNroomViewSkin.exml","resource/exml/game/brnn/BRNNViewSkin.exml","resource/exml/game/erbagang/ErBaGangroomEffSkin.exml","resource/exml/game/erbagang/ErBaGangroomViewSkin.exml","resource/exml/game/erbagang/ErBaGangViewSkin.exml","resource/exml/game/message/SystemMsgItemSkin.exml","resource/exml/game/message/SystemMsgTypeItemSkin.exml","resource/exml/game/message/SystemMsgViewSkin.exml","resource/exml/game/playerinfo/InfoBoxItemSkin.exml","resource/exml/game/playerinfo/InfoBoxSkin.exml","resource/exml/game/playerinfo/PlayerInfoTypeItemSkin.exml","resource/exml/game/playerinfo/PlayerInfoViewSkin.exml","resource/exml/game/qznn/DZHEffSkin.exml","resource/exml/game/qznn/DZVEffSkin.exml","resource/exml/game/qznn/NiuJiaoSkin.exml","resource/exml/game/qznn/NiuNBeiSkin.exml","resource/exml/game/qznn/QZNNGameStartSkin.exml","resource/exml/game/qznn/QZNNHeadSkin.exml","resource/exml/game/qznn/QZNNHEffSkin.exml","resource/exml/game/qznn/QZNNHHeadEffSkin.exml","resource/exml/game/qznn/QZNNroomEffSkin.exml","resource/exml/game/qznn/QZNNroomViewSkin.exml","resource/exml/game/qznn/QZNNTongpeiSkin.exml","resource/exml/game/qznn/QZNNTongshaSkin.exml","resource/exml/game/qznn/QZNNVEffSkin.exml","resource/exml/game/qznn/QZNNVHeadEffSkin.exml","resource/exml/game/qznn/QZNNVictorySkin.exml","resource/exml/game/qznn/QZNNViewSkin.exml","resource/exml/game/qznn/TenshuNiuBeiSkin.exml","resource/exml/game/qznn/WuNiuNBeiSkin.exml","resource/exml/game/qznn/ZhuangIconSkin.exml","resource/exml/game/rbg/RBGHeadSkin.exml","resource/exml/game/rbg/RBGMahjongSkin.exml","resource/exml/game/rbg/RBGSEffSkin.exml","resource/exml/game/rbg/RBGVEffSkin.exml","resource/exml/game/rbg/RBGViewSkin.exml","resource/exml/game/recharge/orderinquiry.exml","resource/exml/game/recharge/RechargeTypeItemSkin.exml","resource/exml/game/recharge/RechargeView.exml","resource/exml/game/safebox/SafeBoxTypeItemSkin.exml","resource/exml/game/safebox/SafeBoxViewSkin.exml","resource/exml/game/set/SetTypeItemSkin.exml","resource/exml/game/set/SetViewSkin.exml","resource/exml/game/tbnn/TBNNHeadSkin.exml","resource/exml/game/tbnn/TBNNroomEffSkin.exml","resource/exml/game/tbnn/TBNNroomViewSkin.exml","resource/exml/game/tbnn/TBNNViewSkin.exml","resource/exml/game/welfare/AwardItemSkin.exml","resource/exml/game/welfare/LotterySkin.exml","resource/exml/game/welfare/WelfareTypeItemSkin.exml","resource/exml/game/welfare/WelfareViewSkin.exml","resource/exml/game/zhajinhua/ZhajhhelpTypeSkin.exml","resource/exml/game/zhajinhua/ZhajhroomViewSkin.exml","resource/exml/game/zhajinhua/ZJHHeadSkin.exml","resource/exml/game/zhajinhua/ZJHHelpPanlSkin.exml","resource/exml/game/zhajinhua/ZJHIsLiveRoomSkin.exml","resource/exml/game/zhajinhua/ZJHNotLiveRoomSkin.exml","resource/exml/game/zhajinhua/ZJHpaprePanlSkin.exml","resource/exml/game/zhajinhua/ZJHRecordPanlSkin.exml","resource/exml/game/zhajinhua/ZJHViewSkin.exml","resource/exml/lobby/GameIconItemSkin.exml","resource/exml/lobby/GameIconListViewSkin.exml","resource/exml/lobby/GameStartViewSkin.exml","resource/exml/lobby/GameTypeItemSkin.exml","resource/exml/lobby/LobbyViewSkin.exml","resource/exml/lobby/QznnIconItemSkin.exml","resource/exml/lobby/RoomTypeItemSkin.exml","resource/exml/lobby/RoomViewSkin.exml","resource/exml/LodingViewSkin.exml","resource/exml/login/LoginEffectViewSkin.exml","resource/exml/login/LoginViewSkin.exml"],"skins":{"eui.Button":"resource/eui_skins/ButtonSkin.exml","eui.CheckBox":"resource/eui_skins/CheckBoxSkin.exml","eui.HScrollBar":"resource/eui_skins/HScrollBarSkin.exml","eui.HSlider":"resource/eui_skins/HSliderSkin.exml","eui.Panel":"resource/eui_skins/PanelSkin.exml","eui.TextInput":"resource/eui_skins/TextInputSkin.exml","eui.ProgressBar":"resource/eui_skins/ProgressBarSkin.exml","eui.RadioButton":"resource/eui_skins/RadioButtonSkin.exml","eui.Scroller":"resource/eui_skins/ScrollerSkin.exml","eui.ToggleSwitch":"resource/eui_skins/ToggleSwitchSkin.exml","eui.VScrollBar":"resource/eui_skins/VScrollBarSkin.exml","eui.VSlider":"resource/eui_skins/VSliderSkin.exml","eui.ItemRenderer":"resource/eui_skins/ItemRendererSkin.exml","QZNNROOMSkin":"resource/eui_skins/QZNNROOMSkin.exml","Inthematch":"resource/eui_skins/Inthematch.exml"},"path":"resource/default.thm.json"}