{"brnnroom/room_brnn.json":"f73e8276","brnnroom/room_brnn.png":"41f09a3e","brnnroom/room_brnn_bg.jpg":"9cd06c80","bjlroom/baccarat_hall.json":"e29a5816","bjlroom/baccarat_hall.png":"b05e3af6","bjlroom/baccarat_hall_bg.png":"26303cdd","common/common.json":"4f71c095","common/common.png":"8c445a18","ebgroom/room_ebg.json":"be923adf","ebgroom/room_ebg.png":"75f68f8d","ebgroom/room_ebg_bg.jpg":"fbf4076","game/hall.json":"cd203365","game/hall.png":"4d2906d7","hall/Bg_img.jpg":"9869db95","hall/lobby.json":"fe6c3f3f","hall/lobby.png":"caa9daad","loding/loading.png":"dab68f4f","loding/loding.json":"de4dd076","loding/loding.png":"7acac517","loding/loding_bg.jpg":"ac5a3798","login/login.json":"10708f60","login/login.png":"7538f215","login/login_bg.jpg":"1072992d","particles/suijin.json":"7b62c8b1","particles/suijin.png":"b57e3147","qznnRoom/qznnroom.json":"f4af15be","qznnRoom/qznnroom.png":"423aecb8","qznnRoom/room_bg.jpg":"f9e44ff","room/coin_rect.png":"98de5d51","room/fkms_0.png":"952396c7","room/fkms_1.png":"44e5c65d","room/qrnn_0.png":"dcddd31f","room/qrnn_1.png":"1aa0e30d","room/qznn_0.png":"e18a7e4f","room/qznn_1.png":"e7a4c58c","room/room_bg.png":"fc2d33a8","room/room_cj.png":"58838806","room/room_close.png":"8a90916a","room/room_fh.png":"d6956d61","room/room_gj.png":"b9499c4b","room/room_menu_bg.png":"3e26b34d","room/room_shang_di.png":"8901c51f","room/room_ty.png":"24c21b0","room/room_xia_di.png":"aff7dab0","room/room_xs.png":"9ef7fcd1","room/room_zj.png":"90dccbbc","room/tbnn_0.png":"383a2d46","room/tbnn_1.png":"a4483d35","room/title_baijiale.png":"5bde6100","room/title_brniuniu.png":"bc0461b9","room/title_erbagang.png":"6d8d2b5c","room/title_niuniu.png":"9579693b","room/title_qzniuniu.png":"6781c621","room/title_tongbiniuniu.png":"65c71b4","room/title_zhajinhua.png":"74a85291","tbnnroon/room_tbnn_bg.jpg":"44b47406","zjhRoom/room_zjh.json":"283d4b7","zjhRoom/room_zjh.png":"3752d1cd","zjhRoom/room_zjh_bg.jpg":"829e1b9b","common/head/F10_03.png":"9c5d722a","common/head/F11_03.png":"9bcb0a50","common/head/F12_03.png":"ec0af15e","common/head/F13_03.png":"c6ceed7f","common/head/F14_03.png":"17d9e81d","common/head/F15_03.png":"59cf357f","common/head/F16_03.png":"f98de7ea","common/head/F17_03.png":"59725478","common/head/F18_03.png":"644f08b3","common/head/F19_03.png":"a31fef2f","common/head/F1_03.png":"ddfad13d","common/head/F20_03.png":"a4592dc5","common/head/F2_03.png":"67eb617","common/head/F3_03.png":"1f32ef1c","common/head/F4_03.png":"f9b9a8e5","common/head/F5_03.png":"5a417b4c","common/head/F6_03.png":"8d15f384","common/head/F7_03.png":"2f042ffa","common/head/F8_03.png":"d4c675fb","common/head/F9_03.png":"990fab42","common/head/m10_03.png":"2c010023","common/head/m11_03.png":"96ec6aee","common/head/m12_03.png":"dd0b64b4","common/head/m13_03.png":"a0ec069c","common/head/m14_03.png":"4840658f","common/head/m15_03.png":"df1116ac","common/head/m16_03.png":"6f57cb1e","common/head/m17_03.png":"fa8c86c9","common/head/m18_03.png":"bd015f18","common/head/m19_03.png":"9544ca20","common/head/m1_03.png":"870aeadc","common/head/m20_03.png":"6641d58a","common/head/m2_03.png":"53d95c92","common/head/m3_03.png":"fa9ac7db","common/head/m4_03.png":"88e3137b","common/head/m5_03.png":"eeb4d1c","common/head/m6_03.png":"bf268a8d","common/head/m7_03.png":"6d907756","common/head/m8_03.png":"74c6c39e","common/head/m9_03.png":"f53f49d4","common/head/man0.png":"af2efa6b","common/head/man1.png":"c838c74e","common/head/man2.png":"8c20c84","common/head/man3.png":"23acf0b2","common/head/man6.png":"7dc947c6","common/head/man7.png":"23f28de4","common/head/women0.png":"f1277e0b","common/head/women1.png":"b27277c0","common/head/women2.png":"76db57","common/head/women3.png":"47ac4978","common/head/women4.png":"5aaa919d","common/head/women5.png":"dd72a157","common/head/women6.png":"4710390e","common/head/women7.png":"c7b5f460","dragonbones/bg_baijiale/bg_baijiale_ske.json":"95cf5003","dragonbones/bg_baijiale/bg_baijiale_tex.json":"b3149afb","dragonbones/bg_baijiale/bg_baijiale_tex.png":"452fc7cf","dragonbones/bg_daliuguang/bg_daliuguang_ske.json":"6b15a304","dragonbones/bg_daliuguang/bg_daliuguang_tex.json":"9aea17d4","dragonbones/bg_daliuguang/bg_daliuguang_tex.png":"23766c2c","dragonbones/bg_bairenniuniu/bg_bairenniuniu_ske.json":"81315a0e","dragonbones/bg_bairenniuniu/bg_bairenniuniu_tex.json":"c8600a6b","dragonbones/bg_bairenniuniu/bg_bairenniuniu_tex.png":"581b0cc2","dragonbones/bg_ewrbagang/bg_ewrbagang_ske.json":"f5bb75d","dragonbones/bg_ewrbagang/bg_ewrbagang_tex.json":"2e91e38b","dragonbones/bg_ewrbagang/bg_ewrbagang_tex.png":"af6160a6","dragonbones/bg_qiangzhuangniuniu/bg_qiangzhuangniuniu_ske.json":"bfc1d1e","dragonbones/bg_qiangzhuangniuniu/bg_qiangzhuangniuniu_tex.json":"fd2c96c0","dragonbones/bg_qiangzhuangniuniu/bg_qiangzhuangniuniu_tex.png":"d8a9e7f6","dragonbones/bg_tongbiniuniu/bg_tongbiniuniu_ske.json":"50567f24","dragonbones/bg_tongbiniuniu/bg_tongbiniuniu_tex.json":"c3bc4447","dragonbones/bg_tongbiniuniu/bg_tongbiniuniu_tex.png":"6cc9e08e","dragonbones/bg_remen/bg_remen_ske.json":"b431e887","dragonbones/bg_remen/bg_remen_tex.json":"1316c945","dragonbones/bg_remen/bg_remen_tex.png":"90d76a75","dragonbones/bg_xiaoliuguang/bg_xiaoliuguang_ske.json":"4a6a5b0c","dragonbones/bg_xiaoliuguang/bg_xiaoliuguang_tex.json":"85901f47","dragonbones/bg_xiaoliuguang/bg_xiaoliuguang_tex.png":"52d50a75","dragonbones/bg_xin/bg_xin_ske.json":"d96c95f7","dragonbones/bg_xin/bg_xin_tex.json":"7818f605","dragonbones/bg_xin/bg_xin_tex.png":"a06bff30","dragonbones/bg_zhajinhua/bg_zhajinhua_ske.json":"b21becf3","dragonbones/bg_zhajinhua/bg_zhajinhua_tex.json":"a9433092","dragonbones/bg_zhajinhua/bg_zhajinhua_tex.png":"bfed1262","dragonbones/bjl_rukou/bjl_rukou_ske.json":"70d394be","dragonbones/bjl_rukou/bjl_rukou_tex.json":"6503664e","dragonbones/bjl_rukou/bjl_rukou_tex.png":"efe1e45c","dragonbones/brnn_rukou/brnn_rukou_ske.json":"c84607b5","dragonbones/brnn_rukou/brnn_rukou_tex.json":"cae2747b","dragonbones/brnn_rukou/brnn_rukou_tex.png":"aa572849","dragonbones/qznn_nvrenwu/qznn_nvrenwu_ske.json":"b60544b1","dragonbones/qznn_nvrenwu/qznn_nvrenwu_tex.json":"74e3221f","dragonbones/qznn_nvrenwu/qznn_nvrenwu_tex.png":"bc0f91d1","dragonbones/ebg_rukou/ebg_rukou_ske.json":"98317ef0","dragonbones/ebg_rukou/ebg_rukou_tex.json":"26acf8ee","dragonbones/ebg_rukou/ebg_rukou_tex.png":"5393c0a2","dragonbones/qznn_rukou/qznn_rukou_ske.json":"fea1efe5","dragonbones/qznn_rukou/qznn_rukou_tex.json":"b02c9ac0","dragonbones/qznn_rukou/qznn_rukou_tex.png":"59a8b4d8","dragonbones/tbnn_rukou/tbnn_rukou_ske.json":"8c437ecd","dragonbones/tbnn_rukou/tbnn_rukou_tex.json":"c4527920","dragonbones/tbnn_rukou/tbnn_rukou_tex.png":"72879c03","dragonbones/tongbiniuniu/tongbiniuniu_ske.json":"f53029d7","dragonbones/tongbiniuniu/tongbiniuniu_tex.json":"501662bb","dragonbones/tongbiniuniu/tongbiniuniu_tex.png":"1e8535cf","dragonbones/wzqp/wzqp_ske.json":"173c4bbb","dragonbones/wzqp/wzqp_tex.json":"bfbed713","dragonbones/wzqp/wzqp_tex.png":"23181962","dragonbones/zjh_rukou/zjh_rukou_ske.json":"5c786146","dragonbones/zjh_rukou/zjh_rukou_tex.json":"7154b41d","dragonbones/zjh_rukou/zjh_rukou_tex.png":"69255e09","effects/brnn_hall_effect/brnn_hall_effect_hg.json":"498c8ea","effects/brnn_hall_effect/brnn_hall_effect_hg.png":"2fe4876c","effects/game/img_zhuang3.png":"c4b66707","effects/game/qznntype2_tex.png":"b9d204f7","effects/game/qznntype3_tex.png":"3c13a70c","effects/game/qznntype3_tex1.png":"a4f038dd","effects/game/qznntype4_4tex3.png":"7bc58b78","effects/game/qznntype4_tex.png":"1dc94dd9","effects/game/qznntype4_tex1.png":"2124693d","effects/game/qznntype4_tex2_1.png":"625a93c6","effects/game/qznntype5_tex1.png":"b43580b7","effects/game/qznntype6_tex1.png":"83248aa4","effects/game/qznntype7_tex1.png":"42797238","effects/game/qznn_effect_1.png":"92c654ee","effects/game/qznn_effect_1_1.png":"87e64636","effects/game/qznn_effect_1_10.png":"b04af3cc","effects/game/qznn_effect_1_11.png":"3308d09c","effects/game/qznn_effect_1_12.png":"6d8f7e46","effects/game/qznn_effect_1_13.png":"3c0919eb","effects/game/qznn_effect_1_14.png":"e9e91a50","effects/game/qznn_effect_1_15.png":"9e29de03","effects/game/qznn_effect_1_16.png":"698fc5de","effects/game/qznn_effect_1_2.png":"95bf7914","effects/game/qznn_effect_1_3.png":"77315c06","effects/game/qznn_effect_1_4.png":"7d02211f","effects/game/qznn_effect_1_5.png":"4db98301","effects/game/qznn_effect_1_6.png":"9f139fcc","effects/game/qznn_effect_1_7.png":"c690f68e","effects/game/qznn_effect_1_8.png":"abc349fe","effects/game/qznn_effect_1_9.png":"28e7695d","effects/game/qznn_effect_2.png":"50e3de45","effects/game/qznn_effect_2_1.png":"91b0fcf0","effects/game/qznn_effect_2_2.png":"ea37c158","effects/game/qznn_effect_2_3.png":"3b4e14aa","effects/game/qznn_effect_3.png":"6a06e69a","effects/game/qznn_effect_3_1.png":"40755dfc","effects/game/qznn_effect_3_2.png":"e1127a83","effects/game/qznn_effect_3_3.png":"d9411563","effects/game/qznn_effect_3_4.png":"3c7d0ef","effects/game/qznn_effect_4.png":"69bd7ae","effects/game/qznn_effect_4_1.png":"2f57745c","effects/game/qznn_effect_5_1.png":"18a815e1","effects/game/qznn_effect_5_2.png":"c7be920c","effects/game/qznn_effect_5_3.png":"5e3c2b7e","effects/game/qznn_effect_5_4.png":"fe825b3f","effects/game/qznn_effect_5_5.png":"ad63003","effects/game/qznn_effect_robot_tex1.png":"1bb57660","effects/game/qznn_effect_robot_tex2.png":"39ab0097","effects/game/qznn_effect_robot_tex3.png":"5ba904a0","effects/game/qznn_effect_robot_tex5.png":"9fe2c592","effects/game/qznn_effect_robot_tex6.png":"8a0b16d5","effects/game/qznn_effect_robot_tex7.png":"a7b3bfbc","effects/game/qznn_win_tex1.png":"ce9a7ee8","effects/game/qznn_win_tex2.png":"7a8960f5","effects/game/qznn_win_tex_1.png":"96dfbc81","effects/game/qznn_win_tex_2.png":"442bbcda","effects/game/qznn_zhuang_guang1_1.png":"a723450","effects/game/qznn_zhuang_guang1_2.png":"e475f770","effects/game/qznn_zhuang_guangV1_1.png":"3443e96c","effects/game/qznn_zhuang_guangV1_2.png":"990b5e17","effects/game/xingxing1.png":"fa6964dd","effects/game/xingxing2.png":"b3a464c2","effects/nn_banker/nn_banker.json":"f6abd849","effects/nn_banker/nn_banker.png":"b1f1d37f","effects/nn_myCardType10/nn_myCardType10.json":"c9760db3","effects/nn_myCardType10/nn_myCardType10.png":"569810f7","effects/nn_myCardType14/nn_myCardType14.json":"4ac556e1","effects/nn_myCardType14/nn_myCardType14.png":"f2acc1fa","effects/pinpaicuowu/pinpaicuowu.json":"d412e484","effects/pinpaicuowu/pinpaicuowu.png":"6c08e092","game/baijiale/baccarat_game_bg.png":"8bd936e","game/baijiale/baccarat_game_btn_dalu.png":"b731f07d","game/baijiale/baccarat_game_btn_dalu1.png":"2ab04510","game/baijiale/baccarat_game_btn_full.png":"8d07a50f","game/baijiale/baccarat_game_btn_players.png":"ae5b5fe7","game/baijiale/baccarat_game_btn_quanlu.png":"d40ef4cc","game/baijiale/baccarat_game_btn_quanlu1.png":"815563fe","game/baijiale/baccarat_game_btn_zhupanlu.png":"cda08322","game/baijiale/baccarat_game_btn_zhupanlu1.png":"3c5550e4","game/baijiale/baccarat_game_cardsNumber_bg.png":"6c2d1e69","game/baijiale/baccarat_game_chips_bg.png":"a78e19f2","game/baijiale/baccarat_game_chouma_light.png":"ffa8facd","game/baijiale/baccarat_game_icon_chouma_10.png":"3deac3d9","game/baijiale/baccarat_game_icon_chouma_100.png":"d363b5bd","game/baijiale/baccarat_game_icon_chouma_1000.png":"a9b116c1","game/baijiale/baccarat_game_icon_chouma_10000.png":"c49cb80c","game/baijiale/baccarat_game_icon_chouma_20.png":"ec106a87","game/baijiale/baccarat_game_icon_chouma_200.png":"b1062927","game/baijiale/baccarat_game_icon_chouma_2000.png":"aa812571","game/baijiale/baccarat_game_icon_chouma_20000.png":"c4f256b8","game/baijiale/baccarat_game_icon_chouma_2500.png":"641a33f6","game/baijiale/baccarat_game_icon_chouma_25000.png":"de04b44a","game/baijiale/baccarat_game_icon_chouma_3000.png":"aaaffa55","game/baijiale/baccarat_game_icon_chouma_4.png":"eeafe661","game/baijiale/baccarat_game_icon_chouma_40.png":"68c9701","game/baijiale/baccarat_game_icon_chouma_5.png":"8c567c16","game/baijiale/baccarat_game_icon_chouma_50.png":"be2ad4a5","game/baijiale/baccarat_game_icon_chouma_500.png":"f7db04de","game/baijiale/baccarat_game_icon_chouma_5000.png":"5c5a5e46","game/baijiale/baccarat_game_icon_chouma_6000.png":"1894a4c2","game/baijiale/baccarat_game_icon_decorate.png":"da5c662f","game/baijiale/baccarat_game_icon_decorate2.png":"9c952a53","game/baijiale/baccarat_game_mipai_bg.png":"5cc4a529","game/baijiale/baccarat_game_mipai_infobgB.png":"5423c8b1","game/baijiale/baccarat_game_mipai_infobgR.png":"764c0e4d","game/baijiale/baccarat_game_point_0.png":"c24023e8","game/baijiale/baccarat_game_point_1.png":"e1c49536","game/baijiale/baccarat_game_point_2.png":"4de4f36","game/baijiale/baccarat_game_point_3.png":"fc8dc478","game/baijiale/baccarat_game_point_4.png":"3b1bc020","game/baijiale/baccarat_game_point_5.png":"f86bd3fa","game/baijiale/baccarat_game_point_6.png":"40342bed","game/baijiale/baccarat_game_point_7.png":"8f1a00aa","game/baijiale/baccarat_game_point_8.png":"41068e37","game/baijiale/baccarat_game_point_9.png":"e7d300de","game/baijiale/baccarat_game_point_dian.png":"bdec515a","game/baijiale/baccarat_game_table.png":"e6e6fec1","game/baijiale/baccarat_game_txt_bank.png":"3a62e563","game/baijiale/baccarat_game_txt_player.png":"c6a4021b","game/baijiale/baccarat_game_userinfo_bg.png":"d33e7442","game/baijiale/baccarat_game_xiazhu_light_1.png":"b7fee593","game/baijiale/baccarat_game_xiazhu_light_3.png":"3626e60b","game/baijiale/baccarat_game_xiazhu_light_6.png":"e034c8d6","game/baijiale/baccarat_playersBg.png":"39009a1d","game/baijiale/baccarat_players_betIcon.png":"9b2577ba","game/baijiale/baccarat_players_rank1.png":"1211f35c","game/baijiale/baccarat_players_rank2.png":"c79cc985","game/baijiale/baccarat_players_rank3.png":"f94044a7","game/baijiale/baccarat_players_rankBg.png":"d791a6c3","game/baijiale/baccarat_tips_close.png":"fcd502ed","game/baijiale/bg_bjl.jpg":"92e43b99","game/baijiale/bg_bjl_chouma1.png":"864001dc","game/baijiale/bg_bjl_chouma2.png":"4e56f379","game/baijiale/bg_bjl_chouma3.png":"1714d703","game/baijiale/bg_bjl_chouma4.png":"267ce73e","game/baijiale/bg_bjl_chouma5.png":"e188c67","game/baijiale/bg_bjl_chouma6.png":"78ed0b95","game/baijiale/bg_bjl_he.png":"79601267","game/baijiale/bg_bjl_jiesuandi.png":"3525677a","game/baijiale/bg_bjl_xian.png":"417be078","game/baijiale/bg_bjl_xingxing.png":"6e93a787","game/baijiale/bg_bjl_yanhua.png":"2f9e0b9e","game/baijiale/bg_bjl_ying.png":"b9efdfc3","game/baijiale/bg_bjl_zhuang.png":"9d8323f4","game/baijiale/bg_jilv.png":"7c2cc8e7","game/baijiale/bg_timer.png":"77f2625e","game/baijiale/gf_poker0.png":"977f854c","game/baijiale/img_dibu.png":"1ce2d45a","game/baijiale/img_puke_7.png":"54dc01b3","game/baijiale/img_zuoxia.png":"cbd07f08","game/baijiale/zjh_effect_xz_tex000.png":"51514120","game/baijiale/zjh_effect_xz_tex001.png":"7622019f","game/baijiale/zjh_effect_xz_tex002.png":"ba1383d7","game/baijiale/zjh_effect_xz_tex003.png":"abe147b1","game/baijiale/zjh_effect_xz_tex004.png":"7bf72ea0","game/baijiale/zjh_effect_xz_tex005.png":"df15fe6f","game/erbagang/bar_bet_time.fnt":"9b62167f","game/erbagang/bar_bet_time.png":"d10e52a8","game/erbagang/bar_bet_times.png":"2d280324","game/erbagang/bar_bet_time_bg.png":"a20de0af","game/erbagang/bar_bet_time_text.png":"2211a78e","game/erbagang/bar_bet_tip_bg.png":"74fb8e25","game/erbagang/bar_btn_1_normal.png":"8d0ae2c1","game/erbagang/bar_btn_bet.png":"74c7ea5","game/erbagang/bar_btn_game_record.png":"1eb6107c","game/erbagang/bar_btn_grab.png":"e82511f3","game/erbagang/bar_btn_grab_times.png":"f74aeeb3","game/erbagang/bar_btn_no_grab_times.png":"e8e38ed7","game/erbagang/bar_btn_txt_continue.png":"75c7183e","game/erbagang/bar_chip_10.png":"5f0d687","game/erbagang/bar_chip_100.png":"46f72e12","game/erbagang/bar_chip_10000.png":"810dd198","game/erbagang/bar_chip_2000.png":"b040f23d","game/erbagang/bar_chip_50.png":"5c79912d","game/erbagang/bar_chip_500.png":"a435c75e","game/erbagang/bar_first_player.png":"739a2522","game/erbagang/bar_flag_banker.png":"56a773d4","game/erbagang/bar_game_bet_times.fnt":"7243b8f6","game/erbagang/bar_game_bet_times.png":"e4cb9a80","game/erbagang/bar_game_countdown.fnt":"b5526","game/erbagang/bar_game_countdown.png":"d3204eee","game/erbagang/bar_grab_time_txt.png":"af453bb","game/erbagang/bar_no_grab.fnt":"f41a6283","game/erbagang/bar_no_grab.png":"28419422","game/erbagang/bar_over_banker.png":"ee3b6421","game/erbagang/bar_over_btn_lose_close.png":"44ab1c9e","game/erbagang/bar_over_lose_bg.png":"dcb1858f","game/erbagang/bar_over_lose_hat.png":"801f159c","game/erbagang/bar_over_lose_light.png":"812325da","game/erbagang/bar_over_lose_title.png":"54c9a0e0","game/erbagang/bar_over_txt_bg.png":"46563d80","game/erbagang/bar_over_win_bg.png":"4b0a4870","game/erbagang/bar_over_win_hat.png":"89248777","game/erbagang/bar_over_win_light.png":"d8c1e8b5","game/erbagang/bar_over_win_title.png":"ca70c742","game/erbagang/bar_person_bg.png":"b19a9a17","game/erbagang/bar_plus_bg.png":"9e2ec245","game/erbagang/bar_plus_font.fnt":"a21dd470","game/erbagang/bar_plus_font.png":"9b6c8140","game/erbagang/bar_point_0.png":"3efe9dee","game/erbagang/bar_point_1.png":"bf8bf627","game/erbagang/bar_point_11.png":"3fa665f1","game/erbagang/bar_point_12.png":"34415211","game/erbagang/bar_point_13.png":"ab7579ca","game/erbagang/bar_point_14.png":"1f37ca0b","game/erbagang/bar_point_15.png":"7ad976bf","game/erbagang/bar_point_16.png":"66282f58","game/erbagang/bar_point_17.png":"6fd2dde3","game/erbagang/bar_point_18.png":"58e8f16f","game/erbagang/bar_point_19.png":"3177ef89","game/erbagang/bar_point_2.png":"87932e10","game/erbagang/bar_point_20.png":"66c64d79","game/erbagang/bar_point_21.png":"b52fc47a","game/erbagang/bar_point_22.png":"3e2a9241","game/erbagang/bar_point_23.png":"b9affba1","game/erbagang/bar_point_24.png":"f6827ded","game/erbagang/bar_point_25.png":"21065594","game/erbagang/bar_point_26.png":"43cf8210","game/erbagang/bar_point_27.png":"1f4853df","game/erbagang/bar_point_28.png":"e6185e47","game/erbagang/bar_point_29.png":"2b182b85","game/erbagang/bar_point_3.png":"71b0707e","game/erbagang/bar_point_30.png":"ccfbf05e","game/erbagang/bar_point_4.png":"7f1bb329","game/erbagang/bar_point_5.png":"dd84b558","game/erbagang/bar_point_6.png":"3039857e","game/erbagang/bar_point_7.png":"5e6e5ae7","game/erbagang/bar_point_8.png":"b9d26fdd","game/erbagang/bar_point_9.png":"e5947612","game/erbagang/bar_point_bg_0.png":"d89e2ab2","game/erbagang/bar_point_bg_1.png":"830c15df","game/erbagang/bar_point_bg_2.png":"dc823cb0","game/erbagang/bar_random_banker.png":"a8564a12","game/erbagang/bar_reduce_bg.png":"9eb996e2","game/erbagang/bar_reduce_font.fnt":"fabc09a6","game/erbagang/bar_reduce_font.png":"8e25d62c","game/erbagang/bar_start_title_bet.png":"3d6169b4","game/erbagang/bar_start_title_grab.png":"c0ec3825","game/erbagang/bar_statu_no_grab.png":"f1de6a1b","game/erbagang/bar_thinking.png":"df69d4ef","game/erbagang/bar_thinking_0.png":"55103e3e","game/erbagang/bar_tip_bg.png":"12e20970","game/erbagang/bar_tip_close.png":"223a8983","game/erbagang/bar_tip_title_1.png":"a7d16c3e","game/erbagang/bar_total_card.png":"60ae1064","game/erbagang/bar_total_number.fnt":"26433aae","game/erbagang/bar_total_number.png":"1c1bd406","game/erbagang/Icon_zhuang.png":"570db019","game/erbagang/Img_bg.jpg":"661a39fc","game/erbagang/Img_bg.png":"1d89a1a5","game/erbagang/Img_bottom_bg.png":"c4594a71","game/erbagang/Img_chouma_1.png":"3bd2a218","game/erbagang/Img_chouma_10.png":"de4c824d","game/erbagang/Img_chouma_2.png":"d6319e67","game/erbagang/Img_chouma_5.png":"7b871a68","game/erbagang/Img_chouma_50.png":"14af20d6","game/erbagang/Img_chouma_bg.png":"f23c6b6f","game/erbagang/Img_heng_back.png":"daf66f7e","game/erbagang/Img_heng_front.png":"436481a7","game/erbagang/Img_num_0.png":"6e408464","game/erbagang/Img_num_1.png":"eb28c3d9","game/erbagang/Img_num_2.png":"3dce5f7","game/erbagang/Img_num_3.png":"d12fa0cf","game/erbagang/Img_num_4.png":"9758269b","game/erbagang/Img_qiang_1.png":"f8dfd659","game/erbagang/Img_qiang_2.png":"8afb1197","game/erbagang/Img_qiang_3.png":"ae66a5f9","game/erbagang/Img_qiang_4.png":"e9e9441","game/erbagang/Img_shu_back.png":"fad19c4c","game/erbagang/Img_shu_front.png":"dd957a2d","game/erbagang/Img_xianshi.png":"1425ef1","game/erbagang/Img_zhanshi.png":"d872a0de","game/erbagang/Img_zhanshi_bg.png":"428e4008","game/erbagang/lab_buqiang.png":"d13f171f","game/brnn/bg_sz.png":"da053ee9","game/brnn/brnn_betBtn_bg_0.png":"1162080","game/brnn/brnn_betBtn_bg_1.png":"df3399b2","game/brnn/brnn_betBtn_bg_2.png":"f2f7751f","game/brnn/brnn_betBtn_bg_3.png":"af28f142","game/brnn/brnn_betBtn_bg_4.png":"48760f86","game/brnn/brnn_betBtn_bg_5.png":"2731df52","game/brnn/brnn_betBtn_bg_6.png":"e2b85a66","game/brnn/brnn_betBtn_bg_7.png":"1c090abf","game/brnn/brnn_betBtn_bg_8.png":"9f0224b4","game/brnn/brnn_betBtn_bg_9.png":"14709639","game/brnn/brnn_betBtn_light.png":"bae20228","game/brnn/brnn_couma_1_1.png":"4b9d674c","game/brnn/brnn_couma_1_2.png":"6c55e974","game/brnn/brnn_couma_1_3.png":"cedcaee2","game/brnn/brnn_couma_1_4.png":"37649393","game/brnn/brnn_couma_1_5.png":"7afad09","game/brnn/brnn_couma_2_1.png":"11afeaaa","game/brnn/brnn_couma_2_2.png":"7096c374","game/brnn/brnn_couma_2_3.png":"cf1bf19d","game/brnn/brnn_couma_2_4.png":"c69f7974","game/brnn/brnn_couma_2_5.png":"37a99a01","game/brnn/brnn_couma_3_1.png":"f6099f33","game/brnn/brnn_couma_3_2.png":"869b07c3","game/brnn/brnn_couma_3_3.png":"fd237ce4","game/brnn/brnn_couma_3_4.png":"a28ec75","game/brnn/brnn_couma_3_5.png":"8b160d9e","game/brnn/brnn_couma_4_1.png":"58285f46","game/brnn/brnn_couma_4_2.png":"b00a08ea","game/brnn/brnn_couma_4_3.png":"169b7ea4","game/brnn/brnn_couma_4_4.png":"d4aeff29","game/brnn/brnn_couma_5_5.png":"25b1aa1a","game/brnn/brnn_game_alarm.png":"f62bad80","game/brnn/brnn_game_bg.png":"17650f5b","game/brnn/brnn_game_bgdown.png":"211c6436","game/brnn/brnn_game_bigbg.png":"445bc3d1","game/brnn/brnn_game_hardbg.png":"bc4afe24","game/brnn/brnn_game_head.png":"fb02ba7","game/brnn/brnn_game_moreplayer.png":"8810f5d2","game/brnn/brnn_game_open.png":"3547b76c","game/brnn/brnn_game_open1.png":"a701ab46","game/brnn/brnn_game_pitch1.png":"7f3ec898","game/brnn/brnn_tiandihengtiao.png":"be98344e","game/brnn/btn_bg.png":"cec28691","game/brnn/btn_brnn_up_menu.png":"c07eb170","game/brnn/btn_brnn_up_return.png":"c0385d79","game/brnn/btn_brnn_up_taking.png":"e26ee9b5","game/brnn/btn_brnn_up_yuyin.png":"d771b666","game/brnn/Img_brnn_goldbg.png":"af0d6fe5","game/brnn/Img_brnn_playerbg.png":"3b73decd","game/brnn/Img_ds.png":"1c0bdf56","game/brnn/Img_gold.png":"a8fbc665","game/brnn/lh_game_left_headBg2.png":"f8099dfd","game/playerInfo/bg_input-code.png":"aeccb4e9","game/playerInfo/bg_input.png":"8ae7fff3","game/playerInfo/bg_inputphone.png":"4ac2dc34","game/playerInfo/bg_wxtswindow.png":"2c283228","game/playerInfo/bg_yhinput.png":"5ee31855","game/playerInfo/bindbankcard.png":"fda61a29","game/playerInfo/bindphon_down_btn.png":"782d29f8","game/playerInfo/bindphon_up_btn.png":"f8aa6ee4","game/playerInfo/boy_btn.png":"551cad19","game/playerInfo/btn_bindbankcard_down.png":"56133f01","game/playerInfo/btn_bindbankcard_up.png":"6cfb21d3","game/playerInfo/btn_bindzfb_down.png":"91fec60a","game/playerInfo/btn_bindzfb_up.png":"cd3ae6b7","game/playerInfo/btn_getcode_down.png":"32932d68","game/playerInfo/btn_getcode_up.png":"a96def50","game/playerInfo/btn_info_down.png":"a75d87d0","game/playerInfo/btn_info_up.png":"7654301","game/playerInfo/btn_manager_down.png":"b5216ec6","game/playerInfo/btn_manager_up.png":"6387be15","game/playerInfo/btn_mypack_up.png":"587337bb","game/playerInfo/btn_mywallet_down.png":"4827f2ba","game/playerInfo/btn_mywallet_up.png":"4763467f","game/playerInfo/btn_pack_down.png":"470fbd32","game/playerInfo/btn_pack_up.png":"69ad0693","game/playerInfo/btn_recharge_down.png":"7912d8d0","game/playerInfo/btn_recharge_up.png":"5c3b3691","game/playerInfo/btn_set_down.png":"275e2081","game/playerInfo/btn_set_up.png":"d1754061","game/playerInfo/changeNam_down_btn.png":"73e565db","game/playerInfo/changeNam_up_btn.png":"e9f75d6c","game/playerInfo/copy_down_btn.png":"10db9c8b","game/playerInfo/copy_up_btn.png":"46bf0d51","game/playerInfo/girl_btn.png":"5cf31802","game/playerInfo/Img_packItem_bg.png":"96b84cf3","game/playerInfo/Img_xl_bg.png":"17a7fb2e","game/playerInfo/lab_bankcard.png":"7844f517","game/playerInfo/lab_bindphone.png":"bf38d06b","game/playerInfo/lab_bindzfb.png":"e29f6a9a","game/playerInfo/lab_Carry cash.png":"bbac7199","game/playerInfo/lab_changname.png":"a8112c35","game/playerInfo/lab_cn.png":"79e5d4ec","game/playerInfo/lab_nhsykzt.png":"1f74e468","game/playerInfo/lab_nzzbddsjh.png":"6a2eef71","game/playerInfo/lab_pay.png":"22c49912","game/playerInfo/lab_safebox.png":"263ee824","game/playerInfo/lab_tittle.png":"9e39fadc","game/playerInfo/lab_touxiang.png":"95187cf6","game/playerInfo/lab_ts.png":"3622b84b","game/playerInfo/lab_tshyhk.png":"3eb19295","game/playerInfo/lab_tshzfb.png":"8ffac504","game/playerInfo/lab_writeyhinfo.png":"b5deb0f5","game/playerInfo/lab_yhts.png":"607e3270","game/playerInfo/lab_zfbts1.png":"ffaa48f8","game/playerInfo/lab_zfbts2.png":"b78e2b84","game/playerInfo/tittle_info.png":"df9212fc","game/playerInfo/VIP_down_btn.png":"a289707b","game/playerInfo/VIP_up_btn.png":"4099580c","game/playerInfo/xaila.png":"6df36458","game/recharge/btn_1000money_0.png":"7589758c","game/recharge/btn_1000money_1.png":"91048c00","game/recharge/btn_100money_0.png":"b439b947","game/recharge/btn_100money_1.png":"a6430300","game/recharge/btn_10money_0.png":"86bbce33","game/recharge/btn_10money_1.png":"228b322b","game/recharge/btn_1498money_0.png":"48e2443d","game/recharge/btn_1498money_1.png":"8f6683","game/recharge/btn_198money_0.png":"c5d50835","game/recharge/btn_198money_1.png":"47f5219c","game/recharge/btn_1998money_0.png":"ca7887ab","game/recharge/btn_1998money_1.png":"bf6cdb8","game/recharge/btn_2000money_0.png":"ef858224","game/recharge/btn_2000money_1.png":"4e123e5b","game/recharge/btn_200money_0.png":"d5d94aed","game/recharge/btn_200money_1.png":"49b7ccb9","game/recharge/btn_2998money_0.png":"a1ff5611","game/recharge/btn_2998money_1.png":"35a88630","game/recharge/btn_4998money_0.png":"f90fe4ab","game/recharge/btn_4998money_1.png":"4a89b771","game/recharge/btn_5000money_0.png":"99df550b","game/recharge/btn_5000money_1.png":"df92247b","game/recharge/btn_500money_0.png":"8cd33996","game/recharge/btn_500money_1.png":"f823ec7e","game/recharge/btn_50money_0.png":"93b63e9c","game/recharge/btn_50money_1.png":"a2ad8058","game/recharge/btn_598money_0.png":"22c376e9","game/recharge/btn_598money_1.png":"3837fc2c","game/recharge/btn_988money_0.png":"751769ea","game/recharge/btn_988money_1.png":"4c8218bc","game/recharge/btn_affirmMoney_0.png":"8fb511e4","game/recharge/btn_affirmMoney_1.png":"61bc3b4c","game/recharge/btn_Alipay_0.png":"574c5b5e","game/recharge/btn_clear _0.png":"9b6df951","game/recharge/btn_fixationAlipay_0.png":"febf5c43","game/recharge/btn_fixationAlipay_1.png":"abf2318a","game/recharge/btn_Theofficialagent_0.png":"e77e4fc7","game/recharge/btn_Unionpay_0.png":"b2536ed4","game/recharge/dhm.png":"327cd592","game/recharge/dkzf.png":"8a518369","game/recharge/img_Alipay.png":"11aeb01","game/recharge/img_Alipay1.png":"6a425630","game/recharge/img_bg1.png":"d0762709","game/recharge/img_bg2.png":"c2fa4380","game/recharge/img_recharge.png":"4544ba53","game/recharge/img_topupMoney.png":"c605feb7","game/recharge/img_yinlian.png":"559816e8","game/recharge/ylxz.png":"11c1f8b0","game/qznn/bar_bet_times.png":"45e6ef24","game/qznn/brnn.json":"f9860d7c","game/qznn/brnn.png":"ab8b2627","game/qznn/btn_BQ_0.png":"c517543","game/qznn/btn_caidan.png":"2954e376","game/qznn/btn_caidan1.png":"8e022ac6","game/qznn/btn_fanhui.png":"948262d4","game/qznn/btn_fanhui1.png":"6670e2cd","game/qznn/btn_huangseanniu.png":"12bee0b2","game/qznn/btn_huangseanniu1.png":"1609db71","game/qznn/btn_Q1_0.png":"c5c0f31","game/qznn/btn_Q2_0.png":"9956244e","game/qznn/btn_Q3_0.png":"52de4f25","game/qznn/btn_Q4_0.png":"492f404a","game/qznn/btn_Q5_0.png":"5199489e","game/qznn/img_beijing.jpg":"5fdf7ac","game/qznn/img_beijing.png":"37e5e14","game/qznn/img_big.png":"db1598d0","game/qznn/img_BQ.png":"59406e7e","game/qznn/img_BQ_0.png":"fc98cc3b","game/qznn/img_BQ_0_0.png":"b81613ed","game/qznn/img_BQ_0_1.png":"813758ba","game/qznn/img_BQ_0_2.png":"7800b353","game/qznn/img_BQ_0_3.png":"70011047","game/qznn/img_BQ_0_4.png":"e4f59c24","game/qznn/img_BQ_0_5.png":"5fa58d80","game/qznn/img_BQ_0_6.png":"e50c1ad0","game/qznn/img_BQ_0_7.png":"2ab1b7b0","game/qznn/img_BQ_0_8.png":"96b328c3","game/qznn/img_BQ_0_9.png":"b6da1ab6","game/qznn/img_BQ_bei.png":"5128e0eb","game/qznn/img_di.png":"a7ee82b8","game/qznn/img_XB.png":"10c51fd3","game/qznn/img_XB1.png":"169b97e0","game/qznn/img_XBei.png":"cfa3c926","game/qznn/img_XB_0.png":"f7f1b4c3","game/qznn/img_XB_1.png":"a8c013b2","game/qznn/img_XB_2.png":"f5b725d0","game/qznn/img_XB_3.png":"33d7fec0","game/qznn/img_XB_4.png":"27ebf43a","game/qznn/img_XB_5.png":"bdca1544","game/qznn/img_XB_6.png":"bc5d4bd8","game/qznn/img_XB_7.png":"c204ebb5","game/qznn/img_XB_8.png":"978289fb","game/qznn/img_XB_9.png":"cc66627c","game/qznn/nn_btn_meiniu1.png":"aa9e91c6","game/qznn/nn_btn_meiniu1_1.png":"5a80c59","game/qznn/nn_btn_youniu1.png":"9d96b993","game/qznn/nn_btn_youniu1_1.png":"9384b0b8","game/qznn/nn_cion.png":"782c8b55","game/qznn/nn_por_smallbg.png":"3f589cb3","game/qznn/nn_tipBg.png":"1168c1be","game/qznn/nn_wancheng.png":"35a9aae","game/qznn/progressTimerFontBg.png":"d44e4ae0","game/qznn/qzcard.json":"7e85f24f","game/qznn/qzcard.png":"c6ca9e74","game/qznn/qznntype0_tex.png":"cb4e3a0a","game/qznn/qznntype0_tex1.png":"7fdd07ea","game/qznn/qznntype1_tex.png":"cf725ea4","game/qznn/qznntype1_tex1.png":"8388a12f","game/qznn/qznntype1_tex2.png":"9b29d001","game/qznn/qznntype1_tex3.png":"752e7440","game/qznn/qznntype1_tex4.png":"6fb4a7ea","game/qznn/qznntype1_tex5.png":"eecc0cc7","game/qznn/qznntype1_tex6.png":"5efa5624","game/qznn/qznntype2_tex.png":"b9d204f7","game/qznn/qznntype2_tex1.png":"979b0437","game/qznn/qznntype2_tex2.png":"3fa8f9b8","game/qznn/qznntype2_tex3.png":"ffbefb20","game/qznn/qznntype3_tex.png":"cf1dfa97","game/qznn/qznntype3_tex1.png":"a4f038dd","game/qznn/qznntype4_tex.png":"1dc94dd9","game/qznn/qznntype4_tex1.png":"2124693d","game/qznn/qznntype5_tex1.png":"b43580b7","game/qznn/qznntype6_tex1.png":"83248aa4","game/qznn/qznntype7_tex1.png":"42797238","game/qznn/qznn_btn4.png":"f650a6d6","game/qznn/qznn_btn4_1.png":"af4420bd","game/qznn/qznn_btn_beishu1.png":"efaf0c1a","game/qznn/qznn_btn_beishu1_1.png":"770fc8fb","game/qznn/qznn_btn_beishu2.png":"a4f00a56","game/qznn/qznn_btn_beishu2_1.png":"777043d4","game/qznn/qznn_btn_buqiang.png":"d8f8e4","game/qznn/qznn_btn_buqiang_1.png":"9627abc8","game/qznn/qznn_game_desk_0.png":"83debee","game/qznn/qznn_num_frame.png":"f885ae7a","game/qznn/qznn_tips_btn1.png":"8f8b5762","game/qznn/qznn_tips_btn1_1.png":"ee4735bf","game/qznn/qznn_tip_bg.png":"555f2fc1","game/qznn/qznn_txkbg.png":"bef9e01b","game/qznn/qznn_txkbg1.png":"d3c69748","game/qznn/resumeGameBg.png":"24de75af","game/qznn/resumeGameBg_1.png":"2913d358","game/qznn/resumeGameFont.png":"a97a080f","game/qznn/selectedBankerIcon.png":"542794c7","game/qznn/women7.png":"12ab184f","game/set/btn_accountmanagement_0.png":"5b766c19","game/set/btn_accountmanagement_1.png":"9b6a45c2","game/set/btn_settings_0.png":"5b320a16","game/set/btn_settings_1.png":"dd52c693","game/set/btn_tuichu_1.png":"f7c2ea43","game/set/btn_xsjc_0.png":"8eb7c53c","game/set/btn_xsjc_1.png":"2bea5a2","game/set/btn_yjfk_0.png":"9d03ff02","game/set/btn_yjfk_1.png":"7afe0076","game/set/img_Afterallmusic.png":"e4600b11","game/set/img_set.png":"a47d4031","game/set/img_specialeffectsofgame.png":"a39f8b67","game/set/img_Thegameround.png":"e82e8df4","game/set/img_Thegamesound.png":"b6507288","game/set/switchBar.png":"5553c3b9","game/set/switchOff.png":"a500c59b","game/set/switchOn.png":"94bec9b4","game/safebox/all_down_btn.png":"b19bb2a","game/safebox/all_up_btn.png":"66611ff4","game/safebox/autodeposit_down_btn.png":"583d2a90","game/safebox/autodeposit_lab.png":"7d01e812","game/safebox/autodeposit_up_btn.png":"3a33feea","game/safebox/bar_bg.png":"a5aa9e96","game/safebox/Bg.png":"2c283228","game/safebox/Bg_xialakuang.png":"d55a9769","game/safebox/Bg_xiedaijine.png":"e2991536","game/safebox/Bg_xuanzhhong.png":"c631607b","game/safebox/Bg_xuanzhhong1.png":"ce2e356","game/safebox/carryMoney_lab.png":"119c909e","game/safebox/clear_down_btn.png":"adab3207","game/safebox/clear_up_btn.png":"ea36ac35","game/safebox/close_down_btn.png":"cabdcc19","game/safebox/close_up_btn.png":"6b39dddd","game/safebox/depositMoney_lab.png":"59dd089a","game/safebox/deposit_down_btn.png":"b0c38ff4","game/safebox/deposit_lab.png":"7a9d00cd","game/safebox/deposit_up_btn.png":"46b46e79","game/safebox/enter_down_btn.png":"ac38708f","game/safebox/enter_up_btn.png":"4b3409a8","game/safebox/group_bg.png":"cfbd81c6","game/safebox/Input_bg.png":"64d5089d","game/safebox/out_down_btn.png":"3b87d746","game/safebox/out_up_btn.png":"c594a5e2","game/safebox/password_lab.png":"5e5b6209","game/safebox/progress bar.png":"60db5d23","game/safebox/safebox_lab.png":"6a4f580e","game/safebox/safebox_tittle.png":"3e3e0640","game/safebox/setpassword_btn.png":"e10e1bd3","game/safebox/team_bg.png":"c765d33d","game/safebox/tittleBott.png":"248d008e","game/safebox/toggleswitch_btn.png":"5553c3b9","game/safebox/ts_off_bg.png":"94bec9b4","game/safebox/ts_on_bg.png":"a500c59b","game/sysMsg/btn_all_select_0.png":"5b70e2f4","game/sysMsg/btn_all_select_1.png":"805c9200","game/sysMsg/btn_delete_0.png":"9fecbb42","game/sysMsg/btn_delete_1.png":"1093dc33","game/sysMsg/btn_notice_0.png":"84823884","game/sysMsg/btn_notice_1.png":"5f310421","game/sysMsg/btn_push_0.png":"edcdfc24","game/sysMsg/btn_push_1.png":"f1a31c55","game/sysMsg/btn_select_0.png":"ce2e356","game/sysMsg/btn_select_1.png":"c631607b","game/sysMsg/msg_bg.png":"d8d09093","game/sysMsg/title_msg.png":"9556c5a7","game/welFare/huodong.png":"5866eec","game/welFare/title_fuli.png":"35dd7701","game/welFare/title_huodong_0.png":"acb3ae41","game/welFare/title_huodong_1.png":"f4fef565","game/welFare/title_qiandao_0.png":"b2cd352e","game/welFare/title_qiandao_1.png":"b5adbc7f","game/welFare/title_renwu_0.png":"19e2acb1","game/welFare/title_renwu_1.png":"9c06ca85","game/welFare/title_zhuanpan_0.png":"1e75a710","game/welFare/title_zhuanpan_1.png":"3744ce15","game/zhajh/bar_plus_bg.png":"9e2ec245","game/zhajh/bar_reduce_bg.png":"9eb996e2","game/zhajh/bg_1.jpg":"2718aac5","game/zhajh/bg_jianbian_2.png":"3d096b9b","game/zhajh/checkbox_down.png":"d5d2f49c","game/zhajh/checkbox_zjh.png":"4921050d","game/zhajh/di.png":"523c0de6","game/zhajh/gf_Avatar_box.png":"58e10989","game/zhajh/gf_Avatar_zz.png":"5b8f7fdc","game/zhajh/gf_bg.png":"ee92fb33","game/zhajh/gf_bg_close.png":"1a65d3ff","game/zhajh/gf_bg_close02.png":"7aa03bdc","game/zhajh/gf_bg_jiazhu.png":"93373eb9","game/zhajh/gf_bg_l.png":"57613d99","game/zhajh/gf_bg_leaf.png":"7494c05f","game/zhajh/gf_bg_match.png":"8de1f37f","game/zhajh/gf_bg_match_close.png":"3af30540","game/zhajh/gf_bg_match_word.png":"6478b851","game/zhajh/gf_bg_menu.png":"abea9f25","game/zhajh/gf_bg_pk1.png":"dc2ad226","game/zhajh/gf_bipaiguang.png":"3359dd98","game/zhajh/gf_btn_chat.png":"e8496570","game/zhajh/gf_btn_game_begin_normal.png":"51ed508b","game/zhajh/gf_btn_menu.png":"20eb85c6","game/zhajh/gf_chip_bg.png":"7aacebc8","game/zhajh/gf_chip_bg1.png":"c08e8224","game/zhajh/gf_dialogue.png":"90a4414d","game/zhajh/gf_dialogue1.png":"249772f8","game/zhajh/gf_dialogue_bipai.png":"ce9af8a1","game/zhajh/gf_dialogue_genzhu.png":"9031e886","game/zhajh/gf_dialogue_jiazhu.png":"fd28c30f","game/zhajh/gf_dialogue_kanpai.png":"372315db","game/zhajh/gf_dialogue_qipai.png":"90b5ccf8","game/zhajh/gf_effect_kiss_0.png":"15179819","game/zhajh/gf_emoji29.png":"2f41b9ac","game/zhajh/gf_flag_bpsb.png":"f9b73108","game/zhajh/gf_flag_qp.png":"242f90c2","game/zhajh/gf_game_bet_bg.png":"6f4fabeb","game/zhajh/gf_game_continiu_title.png":"7bf0ed5b","game/zhajh/gf_game_light.png":"6cbe83c5","game/zhajh/gf_game_room_bg_1_2.png":"e90a9445","game/zhajh/gf_game_tips.png":"88608b41","game/zhajh/gf_guzhuyizhi0.png":"c9b8edca","game/zhajh/gf_huoping_0.png":"4ec82069","game/zhajh/gf_icon_chip_blue.png":"4b13356e","game/zhajh/gf_icon_chip_cyan.png":"d14605ce","game/zhajh/gf_icon_chip_green.png":"b0176a9e","game/zhajh/gf_icon_chip_grey.png":"a9bfc6de","game/zhajh/gf_icon_chip_pink.png":"85fd150d","game/zhajh/gf_icon_chip_purple.png":"8da7bab6","game/zhajh/gf_icon_chip_sm1.png":"9c9da18d","game/zhajh/gf_icon_chip_sm2.png":"a65123fc","game/zhajh/gf_icon_chip_sm4.png":"4b5ddf20","game/zhajh/gf_icon_chip_sm5.png":"eb9b963b","game/zhajh/gf_icon_chip_sm6.png":"a867c5de","game/zhajh/gf_icon_chip_sm7.png":"b7b32352","game/zhajh/gf_icon_chip_yellow.png":"3ea0dc0d","game/zhajh/gf_icon_leave.png":"c6799a6a","game/zhajh/gf_icon_record.png":"62d51f82","game/zhajh/gf_icon_shezhi.png":"ebfdd879","game/zhajh/gf_icon_wanfa.png":"2782555a","game/zhajh/gf_icon_xiqian_close.png":"aa366b22","game/zhajh/gf_match_bg.png":"a4f3c7f","game/zhajh/gf_paixing.png":"2ac1e28a","game/zhajh/gf_peilv.png":"b6579de7","game/zhajh/gf_poker0.png":"977f854c","game/zhajh/gf_poker0_1.png":"fd9c9a27","game/zhajh/gf_poker0_2.png":"da8d229e","game/zhajh/gf_poker1.png":"4a14de87","game/zhajh/gf_poker10.png":"a6ceccbc","game/zhajh/gf_poker11.png":"ed17e267","game/zhajh/gf_poker12.png":"e1e6c335","game/zhajh/gf_poker13.png":"30a968d5","game/zhajh/gf_poker14.png":"7d4a0e4c","game/zhajh/gf_poker15.png":"92b91559","game/zhajh/gf_poker16.png":"11acdfc1","game/zhajh/gf_poker17.png":"84855200","game/zhajh/gf_poker18.png":"30f46fa6","game/zhajh/gf_poker19.png":"1cecd072","game/zhajh/gf_poker2.png":"a96737d6","game/zhajh/gf_poker20.png":"861957e7","game/zhajh/gf_poker21.png":"dc152710","game/zhajh/gf_poker22.png":"cf14e4d9","game/zhajh/gf_poker23.png":"516e8a9e","game/zhajh/gf_poker24.png":"9414b47c","game/zhajh/gf_poker25.png":"9eaed6f8","game/zhajh/gf_poker26.png":"32d3818b","game/zhajh/gf_poker27.png":"9b95bb0a","game/zhajh/gf_poker28.png":"e6870063","game/zhajh/gf_poker29.png":"59347ad2","game/zhajh/gf_poker3.png":"6a12e99c","game/zhajh/gf_poker30.png":"234b17cb","game/zhajh/gf_poker31.png":"e47227aa","game/zhajh/gf_poker32.png":"ecdbe9df","game/zhajh/gf_poker33.png":"6e5fb766","game/zhajh/gf_poker34.png":"66253f1","game/zhajh/gf_poker35.png":"babbea89","game/zhajh/gf_poker36.png":"4bd84ef","game/zhajh/gf_poker37.png":"edae9b97","game/zhajh/gf_poker38.png":"5885a8d9","game/zhajh/gf_poker39.png":"6a374a35","game/zhajh/gf_poker4.png":"5cd6220b","game/zhajh/gf_poker40.png":"5f8bdbda","game/zhajh/gf_poker41.png":"6a0ad468","game/zhajh/gf_poker42.png":"2344d975","game/zhajh/gf_poker43.png":"87c9e8a9","game/zhajh/gf_poker44.png":"a99e0b6a","game/zhajh/gf_poker45.png":"b43e8870","game/zhajh/gf_poker46.png":"128de69c","game/zhajh/gf_poker47.png":"19844b3d","game/zhajh/gf_poker48.png":"baf9c76f","game/zhajh/gf_poker49.png":"dbe044ee","game/zhajh/gf_poker5.png":"25219a0e","game/zhajh/gf_poker50.png":"b9e66291","game/zhajh/gf_poker51.png":"b376a3b0","game/zhajh/gf_poker52.png":"f16bbbda","game/zhajh/gf_poker53.png":"5cd6220b","game/zhajh/gf_poker54.png":"25219a0e","game/zhajh/gf_poker55.png":"b3706788","game/zhajh/gf_poker56.png":"37a50425","game/zhajh/gf_poker57.png":"d35247dc","game/zhajh/gf_poker58.png":"6c01fb97","game/zhajh/gf_poker59.png":"a6ceccbc","game/zhajh/gf_poker6.png":"b3706788","game/zhajh/gf_poker60.png":"ed17e267","game/zhajh/gf_poker61.png":"e1e6c335","game/zhajh/gf_poker7.png":"37a50425","game/zhajh/gf_poker8.png":"d35247dc","game/zhajh/gf_poker9.png":"6c01fb97","game/zhajh/gf_px1.png":"f68324da","game/zhajh/gf_px2.png":"a868f372","game/zhajh/gf_px3.png":"c94974c9","game/zhajh/gf_px4.png":"e346ee87","game/zhajh/gf_px5.png":"b7112849","game/zhajh/gf_px6.png":"3f98f859","game/zhajh/gf_pxzs.png":"7c45b55a","game/zhajh/gf_queding.png":"678816c3","game/zhajh/gf_room_dizhu.png":"aaf5556c","game/zhajh/gf_rule.png":"240c743","game/zhajh/gf_table.png":"12763f9f","game/zhajh/gf_tips2.png":"98f77592","game/zhajh/gf_tips_click_card.png":"891b6a96","game/zhajh/gf_tips_leave.png":"6f018152","game/zhajh/gf_tip_anniu.png":"2c7727f0","game/zhajh/gf_tip_ts.png":"4c8a04b1","game/zhajh/gf_typebg_black.png":"89ff68af","game/zhajh/gf_wait.png":"8a7ac76c","game/zhajh/gf_wait2.png":"b2b6c336","game/zhajh/gf_wanfa.png":"31ccd807","game/zhajh/gf_xiqian.png":"f59db007","game/zhajh/Img_zjh_headbg.png":"1b94934f","game/zhajh/jinhua.json":"e3f57293","game/zhajh/jinhua.png":"e2b6365a","game/zhajh/lab_num_0.png":"d495a22c","game/zhajh/lab_num_2.png":"c0908f25","game/zhajh/lab_num_3.png":"3b802f45","game/zhajh/lab_num_4.png":"ad956414","game/zhajh/lab_num_5.png":"2f025efd","game/zhajh/lab_num_6.png":"b1bbe3f1","game/zhajh/lab_num_7.png":"588a78f8","game/zhajh/lab_num_8.png":"9aa60216","game/zhajh/lab_num_9.png":"4a51331c","game/zhajh/zjh_btn_fankui.png":"abea7d1b","sound/hall/hall_bg.mp3":"a5aa425c","sound/hall/Special_menu.mp3":"bdd3d52a","sound/qznn/gold_diaoluo.mp3":"d32093b6","sound/qznn/nn.dealCard.mp3":"22932e2d","sound/qznn/nn.end.mp3":"21af4af0","sound/qznn/nn.jackpot.mp3":"1d495270","sound/qznn/nn.niu0.mp3":"39893e12","sound/qznn/nn.niu1.mp3":"81a7de00","sound/qznn/nn.niu10.mp3":"59f21b5b","sound/qznn/nn.niu11.mp3":"98c6fffc","sound/qznn/nn.niu12.mp3":"ae0254c3","sound/qznn/nn.niu13.mp3":"623e40da","sound/qznn/nn.niu14.mp3":"35661fcd","sound/qznn/nn.niu2.mp3":"fc3fa6fc","sound/qznn/nn.niu3.mp3":"ccc21d63","sound/qznn/nn.niu4.mp3":"1001382f","sound/qznn/nn.niu5.mp3":"732a0608","sound/qznn/nn.niu6.mp3":"817a7f65","sound/qznn/nn.niu7.mp3":"abe1675e","sound/qznn/nn.niu8.mp3":"a84a1408","sound/qznn/nn.niu9.mp3":"49920380","sound/qznn/nn.niuniu.mp3":"ecae02a0","sound/qznn/nn.openCard.mp3":"6c16511","sound/qznn/nn.playNiu5hua.mp3":"ebc3d577","sound/qznn/nn.playNiuXiao5.mp3":"e149c36d","sound/qznn/nn.playNiuZhadan.mp3":"33fbdb3e","sound/qznn/nn.stake.mp3":"45225d65","sound/qznn/nn.start.mp3":"8102ce32","sound/qznn/nn.tp.mp3":"d36b7b3b","sound/qznn/nn.ts.mp3":"1b6a51bb","sound/qznn/nn_gamestart.mp3":"175aadf7","sound/qznn/nn_LampEnd.mp3":"505f8ace","sound/qznn/nn_LampRun.mp3":"b9692187","sound/qznn/nn_montageerror.mp3":"4a73ea80","sound/qznn/nn_wingold.mp3":"6a1e1a9","sound/qznn/qznn_bg.mp3":"185209f","sound/qznn/qznn_tongpei.mp3":"bbe5acad","sound/qznn/qznn_win_all.mp3":"351def65","sound/tbnn/tbnn_gamebgMusic.mp3":"b1f0139","game/erbagang/mahjong/mahjong_0.png":"b7862342","game/erbagang/mahjong/mahjong_1.png":"7e7a9682","game/erbagang/mahjong/mahjong_2.png":"44aeca4d","game/erbagang/mahjong/mahjong_3.png":"4a757b14","game/erbagang/mahjong/mahjong_4.png":"8d06de58","game/erbagang/mahjong/mahjong_5.png":"ceb162b2","game/erbagang/mahjong/mahjong_6.png":"a84dda3","game/erbagang/mahjong/mahjong_7.png":"a3e19821","game/erbagang/mahjong/mahjong_8.png":"7213091","game/erbagang/mahjong/mahjong_9.png":"f357c3e3","game/erbagang/mahjong/mahjong_cover.png":"7de4b03","game/erbagang/mahjong/mahjong_turn.png":"47733819","game/erbagang/rbg_animation/bar_effect_30_0.png":"54f14a1b","game/erbagang/rbg_animation/bar_effect_30_1.png":"eefe1037","game/erbagang/rbg_animation/bar_effect_30_10.png":"a9e5f104","game/erbagang/rbg_animation/bar_effect_30_11.png":"fb1142c6","game/erbagang/rbg_animation/bar_effect_30_12.png":"620b5bc7","game/erbagang/rbg_animation/bar_effect_30_13.png":"8b182e18","game/erbagang/rbg_animation/bar_effect_30_14.png":"760cddb5","game/erbagang/rbg_animation/bar_effect_30_15.png":"670c9910","game/erbagang/rbg_animation/bar_effect_30_16.png":"190379de","game/erbagang/rbg_animation/bar_effect_30_2.png":"a8728f18","game/erbagang/rbg_animation/bar_effect_30_3.png":"d8607e3","game/erbagang/rbg_animation/bar_effect_30_4.png":"8ccac9f6","game/erbagang/rbg_animation/bar_effect_30_5.png":"cfeef223","game/erbagang/rbg_animation/bar_effect_30_6.png":"be66981a","game/erbagang/rbg_animation/bar_effect_30_7.png":"ab91f7c5","game/erbagang/rbg_animation/bar_effect_30_8.png":"4bba6d48","game/erbagang/rbg_animation/bar_effect_30_9.png":"ab713042","game/erbagang/rbg_animation/bar_effect_banker_0.png":"ffdcb14f","game/erbagang/rbg_animation/bar_effect_banker_1.png":"ea20d57d","game/erbagang/rbg_animation/bar_effect_banker_10.png":"e4492c2","game/erbagang/rbg_animation/bar_effect_banker_2.png":"b936af67","game/erbagang/rbg_animation/bar_effect_banker_3.png":"fe015620","game/erbagang/rbg_animation/bar_effect_banker_4.png":"31edaf8d","game/erbagang/rbg_animation/bar_effect_banker_5.png":"b7486547","game/erbagang/rbg_animation/bar_effect_banker_6.png":"181fd4e6","game/erbagang/rbg_animation/bar_effect_banker_7.png":"1cc16700","game/erbagang/rbg_animation/bar_effect_banker_8.png":"3f6ba21a","game/erbagang/rbg_animation/bar_effect_banker_9.png":"8de09622","game/erbagang/rbg_animation/bar_effect_kill_0.png":"daebc36b","game/erbagang/rbg_animation/bar_effect_kill_1.png":"bc13de90","game/erbagang/rbg_animation/bar_effect_kill_10.png":"5be491c1","game/erbagang/rbg_animation/bar_effect_kill_11.png":"1c6c57c","game/erbagang/rbg_animation/bar_effect_kill_12.png":"1c6c57c","game/erbagang/rbg_animation/bar_effect_kill_13.png":"1c6c57c","game/erbagang/rbg_animation/bar_effect_kill_2.png":"7bc46b88","game/erbagang/rbg_animation/bar_effect_kill_3.png":"da8d5040","game/erbagang/rbg_animation/bar_effect_kill_4.png":"f1b0fc05","game/erbagang/rbg_animation/bar_effect_kill_5.png":"7ee36989","game/erbagang/rbg_animation/bar_effect_kill_6.png":"c70500bf","game/erbagang/rbg_animation/bar_effect_kill_7.png":"5842d213","game/erbagang/rbg_animation/bar_effect_kill_8.png":"d5f776af","game/erbagang/rbg_animation/bar_effect_kill_9.png":"7453da78","game/erbagang/rbg_animation/bar_effect_start_0.png":"9314ad1","game/erbagang/rbg_animation/bar_effect_start_1.png":"5dfce4e","game/erbagang/rbg_animation/bar_effect_start_10.png":"46f9c498","game/erbagang/rbg_animation/bar_effect_start_11.png":"e79c7b98","game/erbagang/rbg_animation/bar_effect_start_12.png":"289d3a5f","game/erbagang/rbg_animation/bar_effect_start_13.png":"51465953","game/erbagang/rbg_animation/bar_effect_start_14.png":"d6e75d84","game/erbagang/rbg_animation/bar_effect_start_15.png":"37adc838","game/erbagang/rbg_animation/bar_effect_start_16.png":"529c8db0","game/erbagang/rbg_animation/bar_effect_start_2.png":"122793a2","game/erbagang/rbg_animation/bar_effect_start_3.png":"832a5a67","game/erbagang/rbg_animation/bar_effect_start_4.png":"2ea63a8","game/erbagang/rbg_animation/bar_effect_start_5.png":"b560c63a","game/erbagang/rbg_animation/bar_effect_start_6.png":"19a58099","game/erbagang/rbg_animation/bar_effect_start_7.png":"b34868a0","game/erbagang/rbg_animation/bar_effect_start_8.png":"c2c2a191","game/erbagang/rbg_animation/bar_effect_start_9.png":"4a3c136b","game/erbagang/rbg_animation/bar_sicbo_1.png":"2ea87356","game/erbagang/rbg_animation/bar_sicbo_2.png":"b7cbd168","game/erbagang/rbg_animation/bar_sicbo_3.png":"c80635a9","game/erbagang/rbg_animation/bar_sicbo_4.png":"b5617c61","game/erbagang/rbg_animation/bar_sicbo_5.png":"4634d184","game/erbagang/rbg_animation/bar_sicbo_6.png":"9b5bf33","game/erbagang/rbg_animation/bar_sicbo_all.png":"ac425bf7","game/erbagang/rbg_animation/bar_sicbo_bottom.png":"8b529475","game/erbagang/rbg_animation/bar_sicbo_top.png":"73aae76f","game/qznn/bitmapfont/goldtext.fnt":"24e2281b","game/qznn/bitmapfont/goldtext.png":"c82d5ccc","game/qznn/bitmapfont/nnBitmapCountdown.fnt":"8d6b86b","game/qznn/bitmapfont/nnBitmapCountdown.png":"4d75a6e8","game/qznn/bitmapfont/nnFont0.fnt":"a01f98de","game/qznn/bitmapfont/nnFont0.png":"7d4794bd","game/qznn/bitmapfont/nn_font2.fnt":"f53c1c91","game/qznn/bitmapfont/nn_font2.png":"1395a2ba","game/qznn/bitmapfont/qznn_lose.fnt":"af309325","game/qznn/bitmapfont/qznn_lose.png":"940b5c99","game/qznn/bitmapfont/qznn_win.fnt":"6085b9b2","game/qznn/bitmapfont/qznn_win.png":"9b89285c","game/zhajh/Btn/gf_btn_game_begin_normal..png":"da714d56","game/zhajh/Btn/gf_txt_btn.png_).png":"228767b7","game/zhajh/Btn/gf_txt_btn.png_+.png":"211766b5","game/zhajh/Btn/gf_txt_btn.png_,.png":"efcebda6","game/zhajh/Btn/gf_txt_btn.png_-.png":"975db1d2","game/zhajh/Btn/gf_txt_btn.png_..png":"2e079f0a","game/zhajh/Btn/gf_txt_btn.png_0.png":"b7095a41","game/zhajh/Btn/gf_txt_btn.png_1.png":"acff472d","game/zhajh/Btn/gf_txt_btn.png_2.png":"8a84d971","game/zhajh/Btn/gf_txt_btn.png_3.png":"86e5f8be","game/zhajh/Btn/gf_txt_btn.png_4.png":"ee83b41e","game/zhajh/Btn/gf_txt_btn.png_5.png":"e28dc306","game/zhajh/Btn/gf_txt_btn.png_6.png":"93bb7c66","game/zhajh/Btn/gf_txt_btn.png_7.png":"ed9d9194","game/zhajh/Btn/gf_txt_btn.png_8.png":"7dce6336","game/zhajh/Btn/gf_txt_btn.png_9.png":"88dbfdc1","game/zhajh/Btn/lab_bipai.png":"9ae3081a","game/zhajh/Btn/lab_genzhu.png":"576b836c","game/zhajh/Btn/lab_jiazhu.png":"ca0358fe","game/zhajh/Btn/lab_zjh_up_discard.png":"8b3b472d","game/zhajh/Btn/queding.png":"8901b4bd","game/zhajh/Btn/quxiao.png":"67336fd8","game/zhajh/Btn/qznn_btn4.png":"f650a6d6","game/zhajh/Btn/qznn_btn4_1.png":"af4420bd","game/zhajh/Btn/qznn_btn_beishu1.png":"efaf0c1a","game/zhajh/Btn/qznn_btn_beishu1_1.png":"770fc8fb","game/zhajh/Btn/qznn_btn_beishu2.png":"a4f00a56","game/zhajh/Btn/qznn_btn_beishu2_1.png":"777043d4","game/zhajh/Btn/qznn_btn_qipai.png":"3776a23","game/zhajh/Btn/qznn_btn_qipai1.png":"eac93db1","game/zhajh/Btn/qznn_btn_zidonggenzhu.png":"e543fd53","game/zhajh/Btn/qznn_btn_zidonggenzhu1.png":"5a2eab0d","game/zhajh/Btn/tijiao.png":"31942dc8","game/zhajh/Btn/zidonggenzhu.png":"f32db586","game/zhajh/effects/fanpai0_tex.png":"888e9303","game/zhajh/effects/fanpai1_tex.png":"9d3682f8","game/zhajh/effects/gf_genzhu_0.png":"9d981e86","game/zhajh/effects/gf_genzhu_1.png":"eefb7b34","game/zhajh/effects/gf_genzhu_10.png":"d17c0a38","game/zhajh/effects/gf_genzhu_11.png":"c381456f","game/zhajh/effects/gf_genzhu_12.png":"15e2afd","game/zhajh/effects/gf_genzhu_13.png":"a4196d46","game/zhajh/effects/gf_genzhu_14.png":"8323dd78","game/zhajh/effects/gf_genzhu_15.png":"b90dfb27","game/zhajh/effects/gf_genzhu_16.png":"c0ecdecf","game/zhajh/effects/gf_genzhu_17.png":"c6fd7806","game/zhajh/effects/gf_genzhu_18.png":"80450b1a","game/zhajh/effects/gf_genzhu_19.png":"743c1bcc","game/zhajh/effects/gf_genzhu_2.png":"3cf1371d","game/zhajh/effects/gf_genzhu_20.png":"99a33746","game/zhajh/effects/gf_genzhu_21.png":"f8250016","game/zhajh/effects/gf_genzhu_22.png":"6374c62e","game/zhajh/effects/gf_genzhu_23.png":"2ef2d571","game/zhajh/effects/gf_genzhu_24.png":"b4ba3f13","game/zhajh/effects/gf_genzhu_25.png":"7f1dbdd4","game/zhajh/effects/gf_genzhu_26.png":"bb6cacd6","game/zhajh/effects/gf_genzhu_27.png":"e927ac54","game/zhajh/effects/gf_genzhu_28.png":"4e3ce50e","game/zhajh/effects/gf_genzhu_29.png":"a29d3867","game/zhajh/effects/gf_genzhu_3.png":"29d48abb","game/zhajh/effects/gf_genzhu_30.png":"4ee8f418","game/zhajh/effects/gf_genzhu_31.png":"dd5e6d28","game/zhajh/effects/gf_genzhu_4.png":"aeb5c5a8","game/zhajh/effects/gf_genzhu_5.png":"f0d43e3a","game/zhajh/effects/gf_genzhu_6.png":"49b550bb","game/zhajh/effects/gf_genzhu_7.png":"9006a1c6","game/zhajh/effects/gf_genzhu_8.png":"b57cd410","game/zhajh/effects/gf_genzhu_9.png":"574d75af","game/zhajh/effects/gf_guzhuyizhi0.png":"c9b8edca","game/zhajh/effects/gf_guzhuyizhi1.png":"e77c642c","game/zhajh/effects/gf_guzhuyizhi2.png":"b21d77a8","game/zhajh/effects/gf_guzhuyizhi3.png":"ffc19f1b","game/zhajh/effects/gf_guzhuyizhi4.png":"e0ae2b93","game/zhajh/effects/gf_guzhuyizhi5.png":"8cd25090","game/zhajh/effects/gf_guzhuyizhi6.png":"380232c7","game/zhajh/effects/gf_guzhuyizhi7.png":"fe591ef4","game/zhajh/effects/gf_guzhuyizhi8.png":"750eb108","game/zhajh/effects/gf_guzhuyizhi9.png":"cd85c42e","game/zhajh/effects/goldflower_effect_daoguang_0.png":"2b020de3","game/zhajh/effects/goldflower_effect_daoguang_1.png":"dfb965b4","game/zhajh/effects/goldflower_effect_daoguang_2.png":"abe96c25","game/zhajh/effects/goldflower_effect_daoguang_3.png":"61c802c9","game/zhajh/effects/goldflower_effect_daoguang_4.png":"7592d7c","game/zhajh/effects/goldflower_effect_daoguang_5.png":"52992ef8","game/zhajh/effects/goldflower_effect_daoguang_6.png":"f3b6e22e","game/zhajh/effects/goldflower_effect_daoguang_7.png":"e5109d77","game/zhajh/effects/goldflower_effect_daoguang_8.png":"5c86d234","game/zhajh/effects/goldflower_effect_daoguang_9.png":"937c52f8","game/zhajh/effects/zjh_effect_win_0_tex.png":"4a7cb002","game/zhajh/effects/zjh_effect_win_1_tex.png":"1faf3130","game/zhajh/effects/zjh_effect_youwin_tex_1.png":"d33b7f50","game/zhajh/effects/zjh_effect_youwin_tex_2.png":"4fa1728d","game/zhajh/effects/zjh_effect_youwin_tex_3.png":"5d25ef3a","game/zhajh/effects/zjh_effect_youwin_tex_4.png":"eef3af56","game/zhajh/effects/zjh_effect_youwin_tex_5.png":"f6ac769a","game/zhajh/effects/zjh_effect_youwin_tex_6.png":"d43947ba","game/zhajh/effects/zjh_effect_youwin_tex_7.png":"41ca190d","game/zhajh/effects/zjh_effect_youwin_tex_8.png":"d2510207","game/zhajh/effects/zjh_vs_tex1.png":"3b8d46b8","game/zhajh/effects/zjh_vs_tex2.png":"9cf1682c","game/zhajh/effects/zjh_vs_tex3.png":"c8c8e411","game/zhajh/effects/zjh_vs_tex4.png":"595bf26","game/zhajh/effects/zjh_vs_tex5.png":"330507e6","game/zhajh/effects/zjh_vs_tex6.png":"e1b68bb1","game/zhajh/effects/zjh_vs_tex7.png":"123b3f6f","game/zhajh/effects/zjh_vs_tex8.png":"a1382a4","game/zhajh/music/jh.dealCard.mp3":"22932e2d","game/zhajh/music/jh.end.mp3":"21af4af0","game/zhajh/music/jh.jackpot.mp3":"1d495270","game/zhajh/music/jh.openCard.mp3":"6c16511","game/zhajh/music/jh.stake.mp3":"45225d65","game/zhajh/music/jh.start.mp3":"8102ce32","game/zhajh/music/jh.tp.mp3":"d36b7b3b","game/zhajh/music/jh.ts.mp3":"42d08fa4","game/zhajh/num/bitmapnum0.fnt":"6c6b5924","game/zhajh/num/bitmapnum0.png":"65bc603b","game/zhajh/navigation/brnn_imformation.png":"7b35b1b2","game/zhajh/navigation/gamehall_BtnClose.png":"1173a2a0","game/zhajh/navigation/gamehall_BtnTxtSave.png":"a64ac562","game/zhajh/navigation/gamehall_comfirm_btn.png":"c4f6076e","game/zhajh/navigation/gamehall_headBg.png":"dd5316e0","game/zhajh/navigation/gamehall_headbg1.png":"7633c187","game/zhajh/navigation/gamehall_headBgL.png":"feafd590","game/zhajh/navigation/gamehall_headBigbg.png":"122d009e","game/zhajh/navigation/gamehall_headSelected.png":"6091bebb","game/zhajh/navigation/gamehall_headSelected_txt.png":"42bc79b7","game/zhajh/navigation/gamehall_sexSelectBtn.png":"5e3b0cf4","game/zhajh/navigation/gamehall_sexSelectBtn_light.png":"bbcd95bc","game/zhajh/navigation/gamehall_title_headSelected.png":"1c2b6a2c","game/zhajh/navigation/gf_effcet_pic_person.png":"4d6864b0","game/zhajh/navigation/gf_effect_kiss_0.png":"15179819","game/zhajh/navigation/gf_game_room_bg_1.png":"d9d10d6e","game/zhajh/navigation/gf_game_room_bg_2.png":"8288bb87","game/zhajh/navigation/gf_game_room_bg_3.png":"93f20170","game/zhajh/navigation/gf_game_room_bg_4.png":"76ee6df0","game/zhajh/navigation/gf_logo.png":"a8af8a29","game/zhajh/navigation/gf_lowBetNumber_+.png":"a03c3cc5","game/zhajh/navigation/gf_lowBetNumber_-.png":"8cefc75a","game/zhajh/navigation/gf_lowBetNumber_..png":"411b4b8b","game/zhajh/navigation/gf_lowBetNumber_0.png":"5fdeed19","game/zhajh/navigation/gf_lowBetNumber_1.png":"560ef9e6","game/zhajh/navigation/gf_lowBetNumber_2.png":"ec9d658b","game/zhajh/navigation/gf_lowBetNumber_3.png":"40cde205","game/zhajh/navigation/gf_lowBetNumber_4.png":"27ff23c","game/zhajh/navigation/gf_lowBetNumber_5.png":"f1e0ded8","game/zhajh/navigation/gf_lowBetNumber_6.png":"4dd02567","game/zhajh/navigation/gf_lowBetNumber_7.png":"95c1a150","game/zhajh/navigation/gf_lowBetNumber_8.png":"dfa37dab","game/zhajh/navigation/gf_lowBetNumber_9.png":"9bf0958","game/zhajh/navigation/gf_lowBetNumber_）.png":"598e4ef9","game/zhajh/navigation/gf_room_bg.png":"48011f55","game/zhajh/navigation/gf_room_gold.png":"3264573d","game/zhajh/navigation/gf_room_icon_help.png":"665aa2a7","game/zhajh/navigation/gf_room_icon_record.png":"960b81ca","game/zhajh/navigation/gf_room_pic_bg.png":"b7d1f2d8","game/zhajh/navigation/gf_room_return.png":"5fd4de2a","game/zhajh/navigation/gf_room_user_bg.png":"b28f2ee7","game/zhajh/navigation/lv2.png":"8df5fbd5","game/zhajh/navigation/lv3.png":"54147f60","game/zhajh/navigation/lv4.png":"60d9197e","game/zhajh/navigation/lv5.png":"c5178a6","game/zhajh/navigation/zajinhua.png":"ac32f027","game/zhajh/num2/bar_reduce_font_,.png":"aa9444dd","game/zhajh/num2/bar_reduce_font_-.png":"1d19806e","game/zhajh/num2/bar_reduce_font_..png":"b54dd29c","game/zhajh/num2/bar_reduce_font_0.png":"af54484b","game/zhajh/num2/bar_reduce_font_1.png":"42ae6f6c","game/zhajh/num2/bar_reduce_font_2.png":"5a303de9","game/zhajh/num2/bar_reduce_font_3.png":"1101aa99","game/zhajh/num2/bar_reduce_font_4.png":"128dc296","game/zhajh/num2/bar_reduce_font_5.png":"d0f6e68","game/zhajh/num2/bar_reduce_font_6.png":"ee4c30ce","game/zhajh/num2/bar_reduce_font_7.png":"13420e46","game/zhajh/num2/bar_reduce_font_8.png":"fe17f8ec","game/zhajh/num2/bar_reduce_font_9.png":"cc6be9c1","game/zhajh/num2/gf_betChip_number_..png":"96d60ccc","game/zhajh/num2/gf_betChip_number_0.png":"effdcf42","game/zhajh/num2/gf_betChip_number_1.png":"6006a029","game/zhajh/num2/gf_betChip_number_2.png":"dc0cba2f","game/zhajh/num2/gf_betChip_number_3.png":"b7644366","game/zhajh/num2/gf_betChip_number_4.png":"5b0b93d8","game/zhajh/num2/gf_betChip_number_5.png":"ccb9728e","game/zhajh/num2/gf_betChip_number_6.png":"c0d9d240","game/zhajh/num2/gf_betChip_number_7.png":"889ab718","game/zhajh/num2/gf_betChip_number_8.png":"f36c72b7","game/zhajh/num2/gf_betChip_number_9.png":"ef41984f","game/zhajh/num2/gf_bet_number_..png":"19d86802","game/zhajh/num2/gf_bet_number_0.png":"f31adf4c","game/zhajh/num2/gf_bet_number_1.png":"881f538b","game/zhajh/num2/gf_bet_number_2.png":"f3cc3fb","game/zhajh/num2/gf_bet_number_3.png":"6fdf896f","game/zhajh/num2/gf_bet_number_4.png":"b3a2fb4b","game/zhajh/num2/gf_bet_number_5.png":"9cc6a7e1","game/zhajh/num2/gf_bet_number_6.png":"da16def5","game/zhajh/num2/gf_bet_number_7.png":"a1227bf1","game/zhajh/num2/gf_bet_number_8.png":"8214d23","game/zhajh/num2/gf_bet_number_9.png":"9965e0c8","game/zhajh/num2/gf_cutmoneyNum_export_+.png":"f4d3a76c","game/zhajh/num2/gf_cutmoneyNum_export_-.png":"ab4abfa0","game/zhajh/num2/gf_cutmoneyNum_export_1.png":"293370a7","game/zhajh/num2/gf_cutmoneyNum_export_2.png":"4c590d68","game/zhajh/num2/gf_cutmoneyNum_export_3.png":"b4b2a48c","game/zhajh/num2/gf_cutmoneyNum_export_4.png":"835fb490","game/zhajh/num2/gf_cutmoneyNum_export_5.png":"b500a661","game/zhajh/num2/gf_cutmoneyNum_export_6.png":"38ad6f6e","game/zhajh/num2/gf_cutmoneyNum_export_7.png":"eaa1d2ff","game/zhajh/num2/gf_cutmoneyNum_export_8.png":"f0fb9ebe","game/zhajh/num2/gf_cutmoneyNum_export_9.png":"7d97064f","game/zhajh/num2/gf_moneyNumber_).png":"de6f331e","game/zhajh/num2/gf_moneyNumber_+.png":"741e1300","game/zhajh/num2/gf_moneyNumber_-.png":"83244641","game/zhajh/num2/gf_moneyNumber_..png":"6ee4dfd1","game/zhajh/num2/gf_moneyNumber_0.png":"73ccd34e","game/zhajh/num2/gf_moneyNumber_1.png":"5283b50d","game/zhajh/num2/gf_moneyNumber_2.png":"7a15ae09","game/zhajh/num2/gf_moneyNumber_3.png":"65d8563f","game/zhajh/num2/gf_moneyNumber_4.png":"8bc3187d","game/zhajh/num2/gf_moneyNumber_5.png":"86cd228","game/zhajh/num2/gf_moneyNumber_6.png":"223826fa","game/zhajh/num2/gf_moneyNumber_7.png":"122f4344","game/zhajh/num2/gf_moneyNumber_8.png":"ff3dcd6d","game/zhajh/num2/gf_moneyNumber_9.png":"e6ebd89","game/zhajh/num2/gf_moneyNumber_，.png":"ddc15a68","game/zhajh/num2/gf_txt_btn.png_(.png":"cc11c6c1"}