{"file":"zxnBet.png","frames":{
"zx_betLight_a2":{"x":543,"y":1,"w":162,"h":142,"offX":0,"offY":0,"sourceW":162,"sourceH":142},
"zx_betLight_a5":{"x":219,"y":283,"w":218,"h":87,"offX":0,"offY":0,"sourceW":218,"sourceH":87},
"zx_betLight_a1":{"x":707,"y":144,"w":162,"h":136,"offX":0,"offY":0,"sourceW":162,"sourceH":136},
"zx_betLight_a3":{"x":1,"y":283,"w":216,"h":88,"offX":0,"offY":0,"sourceW":216,"sourceH":88},
"zx_betLight_a4":{"x":543,"y":282,"w":216,"h":100,"offX":0,"offY":0,"sourceW":216,"sourceH":100},
"zx_betLight_a7":{"x":707,"y":1,"w":158,"h":141,"offX":0,"offY":0,"sourceW":158,"sourceH":141},
"zx_betLight_a6":{"x":761,"y":282,"w":158,"h":136,"offX":0,"offY":0,"sourceW":158,"sourceH":136},
"zx_betLight_BG":{"x":1,"y":1,"w":540,"h":280,"offX":0,"offY":0,"sourceW":540,"sourceH":412}}}