{"file":"nnBet.png","frames":{
"nn_betLight_b2":{"x":89,"y":287,"w":86,"h":99,"offX":0,"offY":0,"sourceW":86,"sourceH":99},
"nn_betLight_c1":{"x":718,"y":187,"w":181,"h":50,"offX":0,"offY":0,"sourceW":181,"sourceH":50},
"nn_betLight_a2":{"x":901,"y":203,"w":88,"h":99,"offX":0,"offY":0,"sourceW":88,"sourceH":99},
"nn_betLight_b3":{"x":1,"y":287,"w":86,"h":99,"offX":0,"offY":0,"sourceW":86,"sourceH":99},
"nn_betLight_a3":{"x":910,"y":102,"w":91,"h":99,"offX":0,"offY":0,"sourceW":91,"sourceH":99},
"nn_betLight_c2":{"x":910,"y":1,"w":93,"h":99,"offX":0,"offY":0,"sourceW":93,"sourceH":99},
"nn_betLight_c4":{"x":727,"y":1,"w":181,"h":132,"offX":0,"offY":0,"sourceW":181,"sourceH":132},
"nn_betLight_a4":{"x":543,"y":1,"w":182,"h":132,"offX":0,"offY":0,"sourceW":182,"sourceH":132},
"nn_betLight_c3":{"x":543,"y":269,"w":86,"h":99,"offX":0,"offY":0,"sourceW":86,"sourceH":99},
"nn_betLight_a1":{"x":718,"y":135,"w":182,"h":50,"offX":0,"offY":0,"sourceW":182,"sourceH":50},
"nn_betLight_b1":{"x":718,"y":239,"w":173,"h":50,"offX":0,"offY":0,"sourceW":173,"sourceH":50},
"nn_betLight_b4":{"x":543,"y":135,"w":173,"h":132,"offX":0,"offY":0,"sourceW":173,"sourceH":132},
"nn_betAreaBG":{"x":1,"y":1,"w":540,"h":284,"offX":0,"offY":2,"sourceW":540,"sourceH":418}}}